timestamp,distance
1748704397,239
1748704397,238
1748704398,239
1748704398,239
1748704398,239
1748704398,239
1748704398,238
1748704399,240
1748704399,-1
1748704399,12
1748704399,9
1748704399,6
1748704400,4
1748704400,3
1748704400,3
1748704400,3
1748704401,3
1748704401,4
1748704401,4
1748704401,6
1748704401,10
1748704402,14
1748704402,18
1748704402,19
1748704402,23
1748704402,21
1748704403,21
1748704403,20
1748704403,20
1748704403,18
1748704403,19
1748704404,19
1748704404,18
1748704404,18
1748704404,19
1748704404,10
1748704405,-1
1748704405,18
1748704405,19
1748704405,19
1748704405,-1
1748704406,11
1748704406,14
1748704406,18
1748704406,18
1748704406,6
1748704407,5
1748704407,5
1748704407,6
1748704407,8
1748704407,19
1748704408,19
1748704408,18
1748704408,20
1748704408,19
1748704408,20
1748704409,19
1748704409,18
1748704409,19
1748704409,19
1748704409,19
1748704410,19
1748704410,19
1748704410,19
1748704410,19
1748704410,19
1748704411,19
1748704411,19
1748704411,19
1748704411,19
1748704411,18
1748704412,18
1748704412,20
1748704412,19
1748704412,19
1748704413,19
1748704413,19
1748704413,19
1748704413,19
1748704413,19
1748704414,19
1748704414,19
1748704414,19
1748704414,19
1748704414,19
1748704415,19
1748704415,19
1748704415,19
1748704415,19
1748704415,19
1748704416,19
1748704416,19
1748704416,19
1748704416,19
1748704416,19
1748704417,19
1748704417,19
1748704417,20
1748704417,20
1748704417,19
1748704418,19
1748704418,19
1748704418,19
1748704418,19
1748704418,19
1748704419,19
1748704419,19
1748704419,19
1748704419,19
1748704419,19
1748704420,19
1748704420,19
1748704420,19
1748704420,19
1748704420,19
1748704421,20
1748704421,20
1748704421,20
1748704421,19
1748704421,19
1748704422,19
1748704422,19
1748704422,19
1748704422,19
1748704422,19
1748704423,19
1748704423,19
1748704423,19
1748704423,19
1748704423,19
1748704424,18
1748704424,19
1748704424,19
1748704424,19
1748704424,19
1748704425,19
1748704425,19
1748704425,19
1748704425,19
1748704425,19
1748704426,19
1748704426,19
1748704426,19
1748704426,19
1748704426,19
1748704427,19
1748704427,19
1748704427,20
1748704427,19
1748704427,19
1748704428,19
1748704428,19
1748704428,19
1748704428,19
1748704429,19
1748704429,19
1748704429,19
1748704429,19
1748704429,19
1748704430,19
1748704430,19
1748704430,20
1748704430,20
1748704430,19
1748704431,19
1748704431,19
1748704431,19
1748704431,19
1748704431,19
1748704432,19
1748704432,19
1748704432,19
1748704432,19
1748704432,5
1748704433,5
1748704433,4
1748704433,5
1748704433,5
1748704433,4
1748704434,19
1748704434,19
1748704434,19
1748704434,18
1748704434,21
1748704435,14
1748704435,-1
1748704435,71
1748704435,9
1748704435,6
1748704436,4
1748704436,8
1748704436,5
1748704436,8
1748704436,14
1748704437,11
1748704437,5
1748704437,-1
1748704437,5
1748704437,9
1748704438,13
1748704438,-1
1748704438,14
1748704438,18
1748704438,19
1748704439,18
1748704439,18
1748704439,18
1748704439,18
1748704440,19
1748704440,19
1748704440,19
1748704440,19
1748704440,18
1748704441,18
1748704441,18
1748704441,19
1748704441,19
1748704441,19
1748704442,19
1748704442,19
1748704442,19
1748704442,19
1748704442,19
1748704443,19
1748704443,19
1748704443,19
1748704443,19
1748704443,19
1748704444,19
1748704444,19
1748704444,20
1748704444,20
1748704444,19
1748704445,20
1748704445,20
1748704445,20
1748704445,19
1748704445,20
1748704446,20
1748704446,20
1748704446,20
1748704446,19
1748704446,19
1748704447,20
1748704447,20
1748704447,20
1748704447,20
1748704447,20
1748704448,19
1748704448,19
1748704448,19
1748704448,19
1748704448,19
1748704449,19
1748704449,19
1748704449,19
1748704449,19
1748704449,19
1748704450,19
1748704450,19
1748704450,19
1748704450,19
1748704450,19
1748704451,19
1748704451,19
1748704451,19
1748704451,19
1748704451,19
1748704452,19
1748704452,19
1748704452,19
1748704452,19
1748704452,19
1748704453,19
1748704453,19
1748704453,19
1748704453,19
1748704453,19
1748704454,19
1748704454,19
1748704454,19
1748704454,19
1748704454,19
1748704455,19
1748704455,19
1748704455,19
1748704455,19
1748704455,19
1748704456,19
1748704456,19
1748704456,19
1748704456,18
1748704457,19
1748704457,19
1748704457,19
1748704457,19
1748704457,19
1748704458,19
1748704458,19
1748704458,19
1748704458,19
1748704458,18
1748704459,18
1748704459,18
1748704459,18
1748704459,18
1748704459,18
1748704460,18
1748704460,18
1748704460,19
1748704460,18
1748704460,19
1748704461,19
1748704461,19
1748704461,18
1748704461,18
1748704461,18
1748704462,18
1748704462,18
1748704462,18
1748704462,18
1748704462,19
1748704463,18
1748704463,18
1748704463,18
1748704463,18
1748704463,19
1748704464,19
1748704464,18
1748704464,18
1748704464,18
1748704464,18
1748704465,18
1748704465,18
1748704465,18
1748704465,18
1748704465,18
1748704466,18
1748704466,18
1748704466,19
1748704466,18
1748704466,18
1748704467,18
1748704467,18
1748704467,19
1748704467,19
1748704467,19
1748704468,18
1748704468,18
1748704468,19
1748704468,19
1748704468,20
1748704469,20
1748704469,19
1748704469,19
1748704469,19
1748704469,19
1748704470,19
1748704470,20
1748704470,19
1748704470,19
1748704470,19
1748704471,19
1748704471,19
1748704471,18
1748704471,19
1748704471,18
1748704472,18
1748704472,18
1748704472,19
1748704472,18
1748704472,18
1748704473,18
1748704473,18
1748704473,19
1748704473,19
1748704474,19
1748704474,19
1748704474,19
1748704474,19
1748704474,19
1748704475,19
1748704475,18
1748704475,18
1748704475,19
1748704475,19
1748704476,19
1748704476,19
1748704476,19
1748704476,19
1748704476,18
1748704477,18
1748704477,19
1748704477,18
1748704477,19
1748704477,19
1748704478,19
1748704478,19
1748704478,18
1748704478,18
1748704478,18
1748704479,18
1748704479,18
1748704479,19
1748704479,18
1748704479,19
1748704480,18
1748704480,18
1748704480,19
1748704480,19
1748704480,19
1748704481,19
1748704481,18
1748704481,19
1748704481,18
1748704481,18
1748704482,18
1748704482,18
1748704482,18
1748704482,19
1748704482,18
1748704483,19
1748704483,19
1748704483,18
1748704483,19
1748704483,19
1748704484,19
1748704484,19
1748704484,19
1748704484,19
1748704484,19
1748704485,18
1748704485,19
1748704485,19
1748704485,19
1748704485,19
1748704486,19
1748704486,19
1748704486,19
1748704486,19
1748704486,19
1748704487,19
1748704487,19
1748704487,19
1748704487,19
1748704487,18
1748704488,18
1748704488,18
1748704488,18
1748704488,18
1748704488,18
1748704489,18
1748704489,19
1748704489,19
1748704489,18
1748704489,18
1748704490,19
1748704490,19
1748704490,19
1748704490,18
1748704491,19
1748704491,18
1748704491,19
1748704491,19
1748704491,18
1748704492,19
1748704492,19
1748704492,19
1748704492,19
1748704492,19
1748704493,19
1748704493,19
1748704493,19
1748704493,19
1748704493,19
1748704494,19
1748704494,19
1748704494,19
1748704494,19
1748704494,19
1748704495,19
1748704495,19
1748704495,19
1748704495,19
1748704495,19
1748704496,19
1748704496,19
1748704496,19
1748704496,19
1748704496,19
1748704497,19
1748704497,19
1748704497,19
1748704497,19
1748704497,19
1748704498,19
1748704498,19
1748704498,19
1748704498,19
1748704498,19
1748704499,19
1748704499,19
1748704499,18
1748704499,19
1748704499,18
1748704500,18
1748704500,18
1748704500,19
1748704500,19
1748704500,18
1748704501,18
1748704501,18
1748704501,18
1748704501,18
1748704501,18
1748704502,18
1748704502,18
1748704502,18
1748704502,18
1748704502,19
1748704503,19
1748704503,18
1748704503,19
1748704503,19
1748704503,19
1748704504,19
1748704504,19
1748704504,19
1748704504,18
1748704504,18
1748704505,19
1748704505,18
1748704505,18
1748704505,18
1748704505,18
1748704506,18
1748704506,18
1748704506,18
1748704506,18
1748704506,18
1748704507,19
1748704507,19
1748704507,18
1748704507,18
1748704508,18
1748704508,19
1748704508,19
1748704508,19
1748704508,19
1748704509,19
1748704509,19
1748704509,18
1748704509,19
1748704509,18
1748704510,18
1748704510,19
1748704510,18
1748704510,19
1748704510,19
1748704511,19
1748704511,19
1748704511,19
1748704511,19
1748704511,19
1748704512,19
1748704512,18
1748704512,19
1748704512,18
1748704512,19
1748704513,18
1748704513,18
1748704513,18
1748704513,18
1748704513,18
1748704514,19
1748704514,19
1748704514,19
1748704514,19
1748704514,19
1748704515,19
1748704515,18
1748704515,18
1748704515,19
1748704515,19
1748704516,19
1748704516,19
1748704516,19
1748704516,19
1748704516,18
1748704517,18
1748704517,18
1748704517,18
1748704517,18
1748704517,18
1748704518,18
1748704518,18
1748704518,18
1748704518,19
1748704518,19
1748704519,19
1748704519,19
1748704519,19
1748704519,19
1748704519,19
1748704520,19
1748704520,19
1748704520,19
1748704520,19
1748704520,19
1748704521,19
1748704521,19
1748704521,19
1748704521,19
1748704521,19
1748704522,18
1748704522,18
1748704522,18
1748704522,18
1748704522,19
1748704523,19
1748704523,19
1748704523,19
1748704523,18
1748704523,18
1748704524,19
1748704524,19
1748704524,19
1748704524,19
1748704525,19
1748704525,19
1748704525,19
1748704525,19
1748704525,19
1748704526,19
1748704526,19
1748704526,19
1748704526,19
1748704526,19
1748704527,19
1748704527,19
1748704527,19
1748704527,19
1748704527,19
1748704528,19
1748704528,20
1748704528,19
1748704528,19
1748704528,19
1748704529,19
1748704529,19
1748704529,19
1748704529,19
1748704529,19
1748704530,19
1748704530,19
1748704530,19
1748704530,19
1748704530,19
1748704531,19
1748704531,19
1748704531,19
1748704531,19
1748704531,19
1748704532,19
1748704532,19
1748704532,19
1748704532,19
1748704532,19
1748704533,19
1748704533,19
1748704533,19
1748704533,19
1748704533,19
1748704534,19
1748704534,19
1748704534,19
1748704534,19
1748704534,18
1748704535,18
1748704535,19
1748704535,19
1748704535,18
1748704535,19
1748704536,19
1748704536,19
1748704536,19
1748704536,19
1748704536,19
1748704537,19
1748704537,19
1748704537,19
1748704537,19
1748704537,19
1748704538,20
1748704538,19
1748704538,19
1748704538,19
1748704538,19
1748704539,19
1748704539,19
1748704539,19
1748704539,19
1748704539,19
1748704540,19
1748704540,19
1748704540,9
1748704540,14
1748704540,19
1748704541,18
1748704541,18
1748704541,18
1748704541,18
1748704542,17
1748704542,183
1748704542,181
1748704542,182
1748704542,182
1748704543,182
1748704543,182
1748704543,182
1748704543,239
1748704543,182
1748704544,238
1748704544,238
1748704544,182
1748704544,238
1748704544,182
1748704545,181
1748704545,182
1748704545,183
1748704545,-1
1748704546,15
1748704546,17
1748704546,22
1748704546,-1
1748704546,19
1748704547,20
1748704547,20
1748704547,20
1748704547,20
1748704547,20
1748704548,20
1748704548,20
1748704548,20
1748704548,20
1748704548,20
1748704549,20
1748704549,20
1748704549,20
1748704549,20
1748704549,20
1748704550,20
1748704550,20
1748704550,20
1748704550,20
1748704550,20
1748704551,20
1748704551,20
1748704551,20
1748704551,20
1748704551,20
1748704552,20
1748704552,21
1748704552,21
1748704552,21
1748704552,21
1748704553,21
1748704553,21
1748704553,21
1748704553,21
1748704553,21
1748704554,21
1748704554,20
1748704554,20
1748704554,20
1748704554,20
1748704555,21
1748704555,21
1748704555,21
1748704555,21
1748704556,21
1748704556,20
1748704556,21
1748704556,20
1748704556,21
1748704557,21
1748704557,21
1748704557,20
1748704557,21
1748704557,21
1748704558,21
1748704558,21
1748704558,21
1748704558,21
1748704558,21
1748704559,21
1748704559,21
1748704559,21
1748704559,21
1748704559,20
1748704560,21
1748704560,21
1748704560,21
1748704560,20
1748704560,21
1748704561,21
1748704561,21
1748704561,21
1748704561,21
1748704561,21
1748704562,21
1748704562,20
1748704562,21
1748704562,21
1748704562,20
1748704563,20
1748704563,21
1748704563,21
1748704563,21
1748704563,21
1748704564,21
1748704564,21
1748704564,21
1748704564,20
1748704564,21
1748704565,21
1748704565,21
1748704565,21
1748704565,21
1748704565,21
1748704566,20
1748704566,20
1748704566,21
1748704566,21
1748704566,20
1748704567,20
1748704567,20
1748704567,20
1748704567,21
1748704567,21
1748704568,21
1748704568,21
1748704568,20
1748704568,21
1748704568,20
1748704569,21
1748704569,21
1748704569,20
1748704569,20
1748704569,20
1748704570,20
1748704570,20
1748704570,20
1748704570,20
1748704570,20
1748704571,20
1748704571,20
1748704571,20
1748704571,18
1748704572,20
1748704572,20
1748704572,20
1748704572,20
1748704572,20
1748704573,20
1748704573,20
1748704573,20
1748704573,21
1748704573,20
1748704574,21
1748704574,21
1748704574,20
1748704574,-1
1748704574,11
1748704575,9
1748704575,20
1748704575,20
1748704575,21
1748704575,21
1748704576,21
1748704576,20
1748704576,21
1748704576,21
1748704576,21
1748704577,20
1748704577,21
1748704577,21
1748704577,21
1748704577,21
1748704578,21
1748704578,21
1748704578,21
1748704578,21
1748704578,20
1748704579,20
1748704579,20
1748704579,20
1748704579,20
1748704579,20
1748704580,21
1748704580,20
1748704580,20
1748704580,20
1748704580,20
1748704581,20
1748704581,20
1748704581,20
1748704581,20
1748704581,21
1748704582,21
1748704582,21
1748704582,20
1748704582,20
1748704582,20
1748704583,20
1748704583,20
1748704583,20
1748704583,20
1748704583,20
1748704584,20
1748704584,20
1748704584,20
1748704584,20
1748704584,20
1748704585,20
1748704585,20
1748704585,20
1748704585,20
1748704586,20
1748704586,20
1748704586,20
1748704586,20
1748704586,20
1748704587,20
1748704587,20
1748704587,20
1748704587,20
1748704587,20
1748704588,20
1748704588,20
1748704588,20
1748704588,20
1748704588,20
1748704589,20
1748704589,20
1748704589,20
1748704589,20
1748704589,20
1748704590,20
1748704590,20
1748704590,20
1748704590,20
1748704590,20
1748704591,20
1748704591,20
1748704591,20
1748704591,20
1748704591,20
1748704592,20
1748704592,20
1748704592,20
1748704592,20
1748704592,20
1748704593,20
1748704593,20
1748704593,20
1748704593,20
1748704593,20
1748704594,20
1748704594,20
1748704594,20
1748704594,20
1748704594,20
1748704595,20
1748704595,20
1748704595,20
1748704595,20
1748704595,20
1748704596,20
1748704596,20
1748704596,20
1748704596,20
1748704596,20
1748704597,20
1748704597,20
1748704597,20
1748704597,20
1748704597,20
1748704598,20
1748704598,20
1748704598,20
1748704598,20
1748704598,21
1748704599,20
1748704599,20
1748704599,20
1748704599,20
1748704599,20
1748704600,20
1748704600,20
1748704600,20
1748704600,20
1748704600,20
1748704601,20
1748704601,20
1748704601,20
1748704601,20
1748704601,20
1748704602,20
1748704602,20
1748704602,20
1748704602,20
1748704603,20
1748704603,20
1748704603,20
1748704603,20
1748704603,20
1748704604,20
1748704604,20
1748704604,20
1748704604,20
1748704604,20
1748704605,20
1748704605,20
1748704605,20
1748704605,20
1748704605,20
1748704606,20
1748704606,20
1748704606,20
1748704606,21
1748704606,20
1748704607,20
1748704607,20
1748704607,20
1748704607,20
1748704607,20
1748704608,20
1748704608,21
1748704608,20
1748704608,20
1748704608,20
1748704609,20
1748704609,20
1748704609,20
1748704609,20
1748704609,20
1748704610,20
1748704610,20
1748704610,20
1748704610,21
1748704610,20
1748704611,20
1748704611,20
1748704611,20
1748704611,20
1748704611,20
1748704612,20
1748704612,20
1748704612,20
1748704612,20
1748704612,20
1748704613,20
1748704613,20
1748704613,20
1748704613,20
1748704613,20
1748704614,20
1748704614,20
1748704614,20
1748704614,21
1748704614,20
1748704615,21
1748704615,21
1748704615,20
1748704615,21
1748704615,21
1748704616,21
1748704616,20
1748704616,20
1748704616,20
1748704616,20
1748704617,20
1748704617,20
1748704617,20
1748704617,20
1748704617,20
1748704618,20
1748704618,20
1748704618,20
1748704618,20
1748704619,20
1748704619,20
1748704619,20
1748704619,20
1748704619,20
1748704620,20
1748704620,20
1748704620,20
1748704620,20
1748704620,20
1748704621,20
1748704621,20
1748704621,20
1748704621,20
1748704621,20
1748704622,20
1748704622,21
1748704622,20
1748704622,21
1748704622,20
1748704623,21
1748704623,21
1748704623,20
1748704623,20
1748704623,20
1748704624,21
1748704624,20
1748704624,21
1748704624,21
1748704624,21
1748704625,21
1748704625,20
1748704625,21
1748704625,21
1748704625,21
1748704626,20
1748704626,21
1748704626,21
1748704626,21
1748704626,20
1748704627,21
1748704627,20
1748704627,21
1748704627,20
1748704627,21
1748704628,21
1748704628,21
1748704628,20
1748704628,20
1748704628,20
1748704629,20
1748704629,20
1748704629,20
1748704629,20
1748704629,20
1748704630,20
1748704630,20
1748704630,19
1748704630,20
1748704630,20
1748704631,20
1748704631,20
1748704631,21
1748704631,20
1748704631,20
1748704632,21
1748704632,20
1748704632,20
1748704632,20
1748704632,21
1748704633,20
1748704633,20
1748704633,20
1748704633,20
1748704633,20
1748704634,20
1748704634,20
1748704634,20
1748704634,20
1748704634,20
1748704635,20
1748704635,20
1748704635,20
1748704635,20
1748704636,20
1748704636,20
1748704636,20
1748704636,20
1748704636,20
1748704637,20
1748704637,20
1748704637,20
1748704637,20
1748704637,20
1748704638,20
1748704638,19
1748704638,20
1748704638,20
1748704638,20
1748704639,20
1748704639,20
1748704639,20
1748704639,20
1748704639,20
1748704640,20
1748704640,20
1748704640,20
1748704640,20
1748704640,20
1748704641,20
1748704641,20
1748704641,20
1748704641,20
1748704641,20
1748704642,20
1748704642,20
1748704642,20
1748704642,20
1748704642,20
1748704643,20
1748704643,20
1748704643,20
1748704643,20
1748704643,20
1748704644,20
1748704644,20
1748704644,20
1748704644,20
1748704644,20
1748704645,20
1748704645,20
1748704645,20
1748704645,20
1748704645,20
1748704646,20
1748704646,20
1748704646,19
1748704646,19
1748704646,20
1748704647,20
1748704647,20
1748704647,20
1748704647,20
1748704647,20
1748704648,20
1748704648,20
1748704648,20
1748704648,20
1748704648,20
1748704649,20
1748704649,20
1748704649,20
1748704649,20
1748704649,20
1748704650,20
1748704650,19
1748704650,19
1748704650,19
1748704650,19
1748704651,20
1748704651,20
1748704651,19
1748704651,20
1748704651,20
1748704652,20
1748704652,20
1748704652,20
1748704652,20
1748704653,20
1748704653,20
1748704653,20
1748704653,20
1748704653,20
1748704654,20
1748704654,20
1748704654,20
1748704654,20
1748704654,20
1748704655,20
1748704655,20
1748704655,20
1748704655,20
1748704655,20
1748704656,20
1748704656,20
1748704656,20
1748704656,20
1748704656,20
1748704657,20
1748704657,20
1748704657,20
1748704657,20
1748704657,19
1748704658,20
1748704658,20
1748704658,20
1748704658,21
1748704658,20
1748704659,20
1748704659,20
1748704659,20
1748704659,20
1748704659,20
1748704660,20
1748704660,20
1748704660,20
1748704660,20
1748704660,20
1748704661,19
1748704661,19
1748704661,19
1748704661,19
1748704661,19
1748704662,19
1748704662,19
1748704662,19
1748704662,20
1748704662,20
1748704663,19
1748704663,19
1748704663,20
1748704663,20
1748704663,20
1748704664,20
1748704664,20
1748704664,20
1748704664,20
1748704664,20
1748704665,20
1748704665,20
1748704665,19
1748704665,20
1748704665,20
1748704666,20
1748704666,20
1748704666,20
1748704666,20
1748704666,20
1748704667,20
1748704667,20
1748704667,20
1748704667,20
1748704667,20
1748704668,20
1748704668,20
1748704668,20
1748704668,20
1748704669,20
1748704669,20
1748704669,20
1748704669,20
1748704669,20
1748704670,20
1748704670,20
1748704670,20
1748704670,20
1748704670,20
1748704671,20
1748704671,20
1748704671,20
1748704671,20
1748704671,21
1748704672,22
1748704672,-1
1748704672,11
1748704672,20
1748704672,-1
1748704673,9
1748704673,20
1748704673,21
1748704673,21
1748704673,20
1748704674,19
1748704674,20
1748704674,19
1748704674,19
1748704674,239
1748704675,182
1748704675,183
1748704675,238
1748704675,238
1748704676,238
1748704676,239
1748704676,238
1748704676,183
1748704676,238
1748704677,239
1748704677,182
1748704677,239
1748704677,182
1748704677,181
1748704678,183
1748704678,182
1748704678,181
1748704678,183
1748704679,182
1748704679,181
1748704679,182
1748704679,182
1748704679,181
1748704680,182
1748704680,181
1748704680,182
1748704680,183
1748704680,181
1748704681,181
1748704681,-1
1748704681,15
1748704681,23
1748704681,276
1748704682,21
1748704682,238
1748704682,238
1748704682,239
1748704683,238
1748704683,239
1748704683,239
1748704683,172
1748704683,239
1748704684,172
1748704684,238
1748704684,238
1748704684,239
1748704684,172
1748704685,239
1748704685,172
1748704685,172
1748704685,172
1748704686,172
1748704686,172
1748704686,238
1748704686,240
1748704686,239
1748704687,239
1748704687,239
1748704687,23
1748704687,241
1748704687,238
1748704688,72
1748704688,23
1748704688,239
1748704688,239
1748704689,239
1748704689,238
1748704689,239
1748704689,239
1748704689,239
1748704690,238
1748704690,23
1748704690,238
1748704690,239
1748704690,239
1748704691,239
1748704691,238
1748704691,238
1748704691,23
1748704691,4
1748704692,5
1748704692,6
1748704692,6
1748704692,5
1748704692,5
1748704693,239
1748704693,173
1748704693,238
1748704693,239
1748704694,5
1748704694,4
1748704694,4
1748704694,4
1748704694,5
1748704695,5
1748704695,5
1748704695,4
1748704695,4
1748704695,4
1748704696,5
1748704696,5
1748704696,4
1748704696,5
1748704696,5
1748704697,5
1748704697,5
1748704697,5
1748704697,5
1748704697,4
1748704698,4
1748704698,5
1748704698,5
1748704698,4
1748704698,4
1748704699,5
1748704699,5
1748704699,5
1748704699,5
1748704699,5
1748704700,5
1748704700,5
1748704700,4
1748704700,4
1748704700,4
1748704701,4
1748704701,5
1748704701,5
1748704701,5
1748704701,5
1748704702,4
1748704702,4
1748704702,4
1748704702,4
1748704702,4
1748704703,4
1748704703,4
1748704703,5
1748704703,5
1748704703,5
1748704704,5
1748704704,5
1748704704,6
1748704704,6
1748704704,6
1748704705,5
1748704705,4
1748704705,4
1748704705,4
1748704705,4
1748704706,4
1748704706,4
1748704706,5
1748704706,4
1748704706,4
1748704707,4
1748704707,4
1748704707,3
1748704707,4
1748704707,4
1748704708,4
1748704708,4
1748704708,4
1748704708,4
1748704708,4
1748704709,5
1748704709,5
1748704709,5
1748704709,5
1748704709,5
1748704710,6
1748704710,5
1748704710,5
1748704710,5
1748704710,5
1748704711,5
1748704711,5
1748704711,5
1748704711,6
1748704711,22
1748704712,239
1748704712,239
1748704712,22
1748704712,239
1748704713,240
1748704713,23
1748704713,23
1748704713,23
1748704713,22
1748704714,241
1748704714,239
1748704714,240
1748704714,22
1748704714,23
1748704715,22
1748704715,240
1748704715,23
1748704715,240
1748704715,22
1748704716,22
1748704716,23
1748704716,22
1748704716,22
1748704716,-1
1748704717,11
1748704717,22
1748704717,-1
1748704717,23
1748704718,22
1748704718,-1
1748704718,21
1748704718,-1
1748704718,23
1748704719,22
1748704719,21
1748704719,21
1748704719,22
1748704719,23
1748704720,22
1748704720,22
1748704720,22
1748704720,21
1748704720,22
1748704721,22
1748704721,22
1748704721,29
1748704721,64
1748704721,110
1748704722,110
1748704722,-1
1748704722,22
1748704722,24
1748704722,23
1748704723,23
1748704723,22
1748704723,21
1748704723,21
1748704724,21
1748704724,22
1748704724,21
1748704724,21
1748704724,21
1748704725,21
1748704725,21
1748704725,21
1748704725,21
1748704725,22
1748704726,-1
1748704726,-1
1748704726,10
1748704726,11
1748704726,11
1748704727,11
1748704727,24
1748704727,-1
1748704727,10
1748704727,23
1748704728,23
1748704728,23
1748704728,23
1748704728,22
1748704728,23
1748704729,22
1748704729,22
1748704729,22
1748704729,23
1748704729,-1
1748704730,11
1748704730,-1
1748704730,22
1748704730,-1
1748704731,22
1748704731,-1
1748704731,21
1748704731,-1
1748704731,23
1748704732,-1
1748704732,21
1748704732,24
1748704732,23
1748704732,22
1748704733,22
1748704733,22
1748704733,22
1748704733,22
1748704733,23
1748704734,23
1748704734,22
1748704734,240
1748704734,8
1748704734,6
1748704735,6
1748704735,6
1748704735,5
1748704735,5
1748704736,6
1748704736,6
1748704736,6
1748704736,6
1748704736,6
1748704737,6
1748704737,5
1748704737,5
1748704737,5
1748704737,6
1748704738,6
1748704738,5
1748704738,6
1748704738,7
1748704738,6
1748704739,5
1748704739,5
1748704739,5
1748704739,5
1748704739,5
1748704740,6
1748704740,6
1748704740,6
1748704740,6
1748704740,6
1748704741,6
1748704741,6
1748704741,5
1748704741,5
1748704741,6
1748704742,6
1748704742,6
1748704742,6
1748704742,6
1748704742,6
1748704743,5
1748704743,6
1748704743,5
1748704743,5
1748704743,238
1748704744,238
1748704744,239
1748704744,275
1748704744,22
1748704744,21
1748704745,-1
1748704745,18
1748704745,20
1748704745,188
1748704745,238
1748704746,238
1748704746,238
1748704746,238
1748704746,238
1748704747,184
1748704747,238
1748704747,184
1748704747,183
1748704747,182
1748704748,184
1748704748,239
1748704748,239
1748704748,184
1748704748,185
1748704749,-1
1748704749,19
1748704749,20
1748704749,21
1748704750,22
1748704750,23
1748704750,22
1748704750,22
1748704750,22
1748704751,22
1748704751,23
1748704751,21
1748704751,22
1748704751,22
1748704752,22
1748704752,21
1748704752,21
1748704752,21
1748704752,22
1748704753,22
1748704753,22
1748704753,21
1748704753,21
1748704753,21
1748704754,21
1748704754,21
1748704754,22
1748704754,21
1748704754,21
1748704755,21
1748704755,21
1748704755,21
1748704755,21
1748704755,21
1748704756,21
1748704756,21
1748704756,21
1748704756,21
1748704756,21
1748704757,21
1748704757,21
1748704757,21
1748704757,21
1748704757,21
1748704758,21
1748704758,21
1748704758,21
1748704758,22
1748704758,21
1748704759,22
1748704759,21
1748704759,21
1748704759,21
1748704759,21
1748704760,21
1748704760,22
1748704760,21
1748704760,21
1748704760,22
1748704761,21
1748704761,22
1748704761,23
1748704761,22
1748704761,22
1748704762,22
1748704762,23
1748704762,22
1748704762,22
1748704762,22
1748704763,22
1748704763,22
1748704763,23
1748704763,22
1748704764,22
1748704764,22
1748704764,22
1748704764,22
1748704764,23
1748704765,22
1748704765,22
1748704765,22
1748704765,23
1748704765,23
1748704766,23
1748704766,23
1748704766,23
1748704766,23
1748704766,23
1748704767,23
1748704767,23
1748704767,23
1748704767,22
1748704767,22
1748704768,22
1748704768,22
1748704768,22
1748704768,23
1748704768,23
1748704769,23
1748704769,23
1748704769,23
1748704769,23
1748704769,23
1748704770,23
1748704770,23
1748704770,23
1748704770,23
1748704770,23
1748704771,23
1748704771,23
1748704771,23
1748704771,23
1748704771,23
1748704772,23
1748704772,23
1748704772,23
1748704772,23
1748704772,22
1748704773,22
1748704773,22
1748704773,23
1748704773,23
1748704773,23
1748704774,23
1748704774,23
1748704774,23
1748704774,23
1748704774,22
1748704775,23
1748704775,23
1748704775,23
1748704775,23
1748704775,23
1748704776,23
1748704776,23
1748704776,23
1748704776,23
1748704776,23
1748704777,23
1748704777,23
1748704777,23
1748704777,23
1748704777,23
1748704778,23
1748704778,22
1748704778,21
1748704778,21
1748704779,21
1748704779,21
1748704779,21
1748704779,21
1748704779,21
1748704780,21
1748704780,22
1748704780,22
1748704780,23
1748704780,23
1748704781,22
1748704781,22
1748704781,24
1748704781,23
1748704781,22
1748704782,23
1748704782,22
1748704782,22
1748704782,22
1748704782,22
1748704783,24
1748704783,5
1748704783,5
1748704783,4
1748704783,4
1748704784,4
1748704784,5
1748704784,4
1748704784,4
1748704784,4
1748704785,4
1748704785,4
1748704785,5
1748704785,5
1748704785,5
1748704786,4
1748704786,4
1748704786,4
1748704786,4
1748704786,5
1748704787,4
1748704787,5
1748704787,5
1748704787,5
1748704787,5
1748704788,4
1748704788,5
1748704788,4
1748704788,4
1748704788,4
1748704789,4
1748704789,4
1748704789,4
1748704789,4
1748704789,4
1748704790,3
1748704790,4
1748704790,5
1748704790,5
1748704790,5
1748704791,5
1748704791,6
1748704791,4
1748704791,3
1748704791,4
1748704792,4
1748704792,5
1748704792,6
1748704792,6
1748704792,4
1748704793,3
1748704793,4
1748704793,5
1748704793,5
1748704793,5
1748704794,4
1748704794,4
1748704794,4
1748704794,4
1748704794,3
1748704795,4
1748704795,4
1748704795,5
1748704795,5
1748704795,5
1748704796,5
1748704796,5
1748704796,4
1748704796,4
1748704796,5
1748704797,6
1748704797,6
1748704797,5
1748704797,5
1748704797,6
1748704798,6
1748704798,5
1748704798,5
1748704798,4
1748704798,4
1748704799,4
1748704799,4
1748704799,4
1748704799,4
1748704799,5
1748704800,5
1748704800,5
1748704800,5
1748704800,5
1748704800,4
1748704801,4
1748704801,4
1748704801,5
1748704801,6
1748704801,6
1748704802,5
1748704802,4
1748704802,4
1748704802,4
1748704802,5
1748704803,6
1748704803,5
1748704803,5
1748704803,5
1748704804,5
1748704804,4
1748704804,5
1748704804,6
1748704804,6
1748704805,5
1748704805,5
1748704805,4
1748704805,4
1748704805,4
1748704806,4
1748704806,5
1748704806,5
1748704806,5
1748704806,5
1748704807,5
1748704807,5
1748704807,5
1748704807,6
1748704807,5
1748704808,6
1748704808,6
1748704808,6
1748704808,6
1748704808,6
1748704809,5
1748704809,5
1748704809,5
1748704809,4
1748704809,4
1748704810,4
1748704810,5
1748704810,22
1748704810,24
1748704810,22
1748704811,23
1748704811,22
1748704811,23
1748704811,25
1748704811,23
1748704812,24
1748704812,23
1748704812,22
1748704812,24
1748704812,-1
1748704813,23
1748704813,24
1748704813,23
1748704813,24
1748704813,-1
1748704814,22
1748704814,-1
1748704814,7
1748704814,7
1748704814,7
1748704815,7
1748704815,7
1748704815,7
1748704815,11
1748704816,23
1748704816,16
1748704816,22
1748704816,22
1748704816,9
1748704817,9
1748704817,21
1748704817,23
1748704817,22
1748704817,22
1748704818,22
1748704818,23
1748704818,23
1748704818,23
1748704818,23
1748704819,23
1748704819,22
1748704819,22
1748704819,22
1748704819,22
1748704820,22
1748704820,22
1748704820,22
1748704820,22
1748704820,22
1748704821,21
1748704821,21
1748704821,22
1748704821,21
1748704821,22
1748704822,22
1748704822,22
1748704822,22
1748704822,22
1748704822,23
1748704823,22
1748704823,23
1748704823,23
1748704823,22
1748704823,22
1748704824,21
1748704824,21
1748704824,21
1748704824,22
1748704824,22
1748704825,22
1748704825,22
1748704825,22
1748704825,22
1748704825,22
1748704826,22
1748704826,22
1748704826,22
1748704826,22
1748704826,22
1748704827,22
1748704827,22
1748704827,22
1748704827,22
1748704827,22
1748704828,22
1748704828,22
1748704828,22
1748704828,22
1748704828,22
1748704829,22
1748704829,22
1748704829,22
1748704829,22
1748704829,22
1748704830,22
1748704830,22
1748704830,22
1748704830,-1
1748704831,8
1748704831,22
1748704831,23
1748704831,23
1748704831,22
1748704832,21
1748704832,22
1748704832,23
1748704832,8
1748704832,5
1748704833,5
1748704833,5
1748704833,5
1748704833,5
1748704833,4
1748704834,4
1748704834,5
1748704834,4
1748704834,3
1748704834,4
1748704835,5
1748704835,5
1748704835,5
1748704835,5
1748704835,5
1748704836,6
1748704836,22
1748704836,22
1748704836,23
1748704836,22
1748704837,22
1748704837,22
1748704837,22
1748704837,22
1748704837,22
1748704838,22
1748704838,22
1748704838,21
1748704838,23
1748704838,21
1748704839,22
1748704839,238
1748704839,184
1748704839,184
1748704839,184
1748704840,187
1748704840,184
1748704840,185
1748704840,189
1748704841,185
1748704841,187
1748704841,184
1748704841,185
1748704841,190
1748704842,185
1748704842,238
1748704842,238
1748704842,-1
1748704842,19
1748704843,20
1748704843,22
1748704843,25
1748704843,240
1748704843,14
1748704844,11
1748704844,13
1748704844,238
1748704844,238
1748704845,238
1748704845,238
1748704845,241
1748704845,8
1748704845,9
1748704846,8
1748704846,7
1748704846,239
1748704846,238
1748704846,238
1748704847,238
1748704847,238
1748704847,239
1748704847,238
1748704847,183
1748704848,183
1748704848,239
1748704848,183
1748704848,238
1748704849,238
1748704849,238
1748704849,239
1748704849,239
1748704849,238
1748704850,239
1748704850,239
1748704850,238
1748704850,238
1748704850,238
1748704851,183
1748704851,239
1748704851,-1
1748704851,16
1748704852,25
1748704852,17
1748704852,23
1748704852,24
1748704852,24
1748704853,24
1748704853,24
1748704853,25
1748704853,-1
1748704853,18
1748704854,26
1748704854,26
1748704854,26
1748704854,25
1748704854,24
1748704855,24
1748704855,24
1748704855,20
1748704855,19
1748704855,24
1748704856,23
1748704856,24
1748704856,24
1748704856,24
1748704856,24
1748704857,24
1748704857,24
1748704857,23
1748704857,24
1748704857,23
1748704858,21
1748704858,23
1748704858,21
1748704858,21
1748704858,22
1748704859,23
1748704859,23
1748704859,20
1748704859,20
1748704859,19
1748704860,20
1748704860,20
1748704860,20
1748704860,20
1748704860,20
1748704861,20
1748704861,20
1748704861,20
1748704861,21
1748704862,21
1748704862,23
1748704862,23
1748704862,23
1748704862,22
1748704863,22
1748704863,22
1748704863,23
1748704863,23
1748704863,23
1748704864,23
1748704864,23
1748704864,23
1748704864,23
1748704864,23
1748704865,23
1748704865,23
1748704865,23
1748704865,24
1748704865,24
1748704866,23
1748704866,24
1748704866,23
1748704866,23
1748704866,23
1748704867,23
1748704867,23
1748704867,23
1748704867,24
1748704867,24
1748704868,17
1748704868,18
1748704868,18
1748704868,-1
1748704868,15
1748704869,19
1748704869,18
1748704869,17
1748704869,16
1748704869,16
1748704870,25
1748704870,-1
1748704870,17
1748704870,-1
1748704871,16
1748704871,-1
1748704871,16
1748704871,-1
1748704871,18
1748704872,-1
1748704872,23
1748704872,25
1748704872,-1
1748704872,24
1748704873,276
1748704873,25
1748704873,239
1748704873,240
1748704873,24
1748704874,11
1748704874,11
1748704874,11
1748704874,11
1748704875,11
1748704875,12
1748704875,14
1748704875,10
1748704875,24
1748704876,240
1748704876,-1
1748704876,5
1748704876,6
1748704876,4
1748704877,4
1748704877,6
1748704877,5
1748704877,6
1748704877,7
1748704878,7
1748704878,8
1748704878,4
1748704878,3
1748704878,3
1748704879,3
1748704879,3
1748704879,4
1748704879,4
1748704879,4
1748704880,4
1748704880,4
1748704880,4
1748704880,4
1748704880,12
1748704881,24
1748704881,11
1748704881,11
1748704881,-1
1748704881,5
1748704882,5
1748704882,5
1748704882,5
1748704882,5
1748704882,5
1748704883,5
1748704883,5
1748704883,5
1748704883,5
1748704883,5
1748704884,5
1748704884,6
1748704884,7
1748704884,-1
1748704884,6
1748704885,-1
1748704885,5
1748704885,7
1748704885,7
1748704886,7
1748704886,-1
1748704886,7
1748704886,7
1748704886,7
1748704887,6
1748704887,5
1748704887,4
1748704887,5
1748704887,5
1748704888,5
1748704888,5
1748704888,6
1748704888,6
1748704888,6
1748704889,6
1748704889,5
1748704889,6
1748704889,6
1748704889,5
1748704890,6
1748704890,6
1748704890,6
1748704890,6
1748704890,6
1748704891,7
1748704891,8
1748704891,142
1748704891,185
1748704891,-1
1748704892,22
1748704892,64
1748704892,-1
1748704892,23
1748704893,-1
1748704893,23
1748704893,-1
1748704893,19
1748704893,25
1748704894,25
1748704894,-1
1748704894,19
1748704894,-1
1748704894,19
1748704895,184
1748704895,-1
1748704895,19
1748704895,26
1748704895,72
1748704896,71
1748704896,63
1748704896,63
1748704896,63
1748704897,63
1748704897,63
1748704897,63
1748704897,62
1748704897,63
1748704898,63
1748704898,62
1748704898,63
1748704898,63
1748704898,63
1748704899,63
1748704899,63
1748704899,63
1748704899,63
1748704899,63
1748704900,63
1748704900,64
1748704900,63
1748704900,64
1748704900,63
1748704901,64
1748704901,63
1748704901,64
1748704901,64
1748704901,64
1748704902,64
1748704902,65
1748704902,65
1748704902,63
1748704902,63
1748704903,63
1748704903,64
1748704903,64
1748704903,65
1748704903,64
1748704904,64
1748704904,64
1748704904,63
1748704904,63
1748704904,64
1748704905,63
1748704905,63
1748704905,64
1748704905,63
1748704906,64
1748704906,64
1748704906,63
1748704906,63
1748704906,63
1748704907,64
1748704907,62
1748704907,63
1748704907,64
1748704907,63
1748704908,63
1748704908,-1
1748704908,24
1748704908,72
1748704908,-1
1748704909,24
1748704909,-1
1748704909,23
1748704909,240
1748704909,8
1748704910,8
1748704910,8
1748704910,7
1748704910,14
1748704911,10
1748704911,15
1748704911,8
1748704911,8
1748704911,8
1748704912,8
1748704912,8
1748704912,8
1748704912,8
1748704912,9
1748704913,10
1748704913,9
1748704913,8
1748704913,8
1748704913,8
1748704914,8
1748704914,8
1748704914,8
1748704914,8
1748704914,9
1748704915,10
1748704915,9
1748704915,18
1748704915,9
1748704915,18
1748704916,8
1748704916,8
1748704916,8
1748704916,11
1748704916,11
1748704917,7
1748704917,6
1748704917,6
1748704917,5
1748704917,-1
1748704918,24
1748704918,238
1748704918,239
1748704918,239
1748704918,239
1748704919,181
1748704919,241
1748704919,183
1748704919,183
1748704920,183
1748704920,183
1748704920,183
1748704920,182
1748704920,182
1748704921,182
1748704921,240
1748704921,184
1748704921,240
1748704921,183
1748704922,183
1748704922,182
1748704922,183
1748704922,182
1748704923,241
1748704923,183
1748704923,183
1748704923,239
1748704923,184
1748704924,183
1748704924,183
1748704924,182
1748704924,183
1748704924,183
1748704925,240
1748704925,240
1748704925,240
1748704925,241
1748704925,239
1748704926,183
1748704926,184
1748704926,183
1748704926,241
1748704927,183
1748704927,182
1748704927,184
1748704927,183
1748704927,183
1748704928,183
1748704928,183
1748704928,183
1748704928,182
1748704928,184
1748704929,184
1748704929,183
1748704929,184
1748704929,183
1748704930,182
1748704930,184
1748704930,239
1748704930,184
1748704930,240
1748704931,184
1748704931,183
1748704931,183
1748704931,239
1748704931,183
1748704932,241
1748704932,239
1748704932,240
1748704932,241
1748704933,184
1748704933,12
1748704933,-1
1748704933,10
1748704933,15
1748704934,16
1748704934,15
1748704934,15
1748704934,15
1748704934,14
1748704935,15
1748704935,277
1748704935,17
1748704935,15
1748704935,15
1748704936,15
1748704936,19
1748704936,-1
1748704936,14
1748704936,-1
1748704937,14
1748704937,-1
1748704937,10
1748704937,-1
1748704938,10
1748704938,-1
1748704938,10
1748704938,-1
1748704938,10
1748704939,-1
1748704939,9
1748704939,-1
1748704939,9
1748704939,-1
1748704940,9
1748704940,-1
1748704940,9
1748704940,-1
1748704941,9
1748704941,-1
1748704941,9
1748704941,-1
1748704941,9
1748704942,-1
1748704942,9
1748704942,-1
1748704942,9
1748704943,-1
1748704943,9
1748704943,-1
1748704943,9
1748704943,-1
1748704944,9
1748704944,-1
1748704944,10
1748704944,-1
1748704944,9
1748704945,-1
1748704945,17
1748704945,-1
1748704945,18
1748704946,-1
1748704946,10
1748704946,-1
1748704946,8
1748704946,9
1748704947,9
1748704947,9
1748704947,9
1748704947,239
1748704947,239
1748704948,183
1748704948,184
1748704948,183
1748704948,183
1748704948,182
1748704949,183
1748704949,183
1748704949,182
1748704949,183
1748704950,238
1748704950,182
1748704950,183
1748704950,182
1748704950,183
1748704951,184
1748704951,183
1748704951,183
1748704951,183
1748704951,183
1748704952,182
1748704952,183
1748704952,183
1748704952,182
1748704953,240
1748704953,184
1748704953,181
1748704953,182
1748704953,182
1748704954,182
1748704954,240
1748704954,183
1748704954,184
1748704954,183
1748704955,182
1748704955,183
1748704955,182
1748704955,241
1748704955,182
1748704956,182
1748704956,183
1748704956,241
1748704956,184
1748704957,184
1748704957,239
1748704957,182
1748704957,182
1748704957,183
1748704958,182
1748704958,182
1748704958,182
1748704958,239
1748704958,183
1748704959,239
1748704959,183
1748704959,181
1748704959,182
1748704960,181
1748704960,182
1748704960,182
1748704960,182
1748704960,183
1748704961,183
1748704961,182
1748704961,184
1748704961,181
1748704961,240
1748704962,181
1748704962,182
1748704962,181
1748704962,182
1748704963,183
1748704963,182
1748704963,182
1748704963,183
1748704963,182
1748704964,182
1748704964,182
1748704964,182
1748704964,183
1748704964,182
1748704965,182
1748704965,183
1748704965,182
1748704965,182
1748704965,182
1748704966,182
1748704966,183
1748704966,182
1748704966,183
1748704967,182
1748704967,182
1748704967,183
1748704967,182
1748704967,182
1748704968,183
1748704968,184
1748704968,240
1748704968,183
1748704968,183
1748704969,182
1748704969,182
1748704969,183
1748704969,183
1748704970,183
1748704970,182
1748704970,182
1748704970,182
1748704970,182
1748704971,182
1748704971,182
1748704971,182
1748704971,239
1748704971,182
1748704972,182
1748704972,239
1748704972,182
1748704972,182
1748704972,182
1748704973,183
1748704973,182
1748704973,239
1748704973,239
1748704974,239
1748704974,182
1748704974,240
1748704974,182
1748704974,184
1748704975,183
1748704975,239
1748704975,184
1748704975,183
1748704975,184
1748704976,182
1748704976,183
1748704976,239
1748704976,240
1748704977,183
1748704977,182
1748704977,240
1748704977,240
1748704977,240
1748704978,112
1748704978,182
1748704978,240
1748704978,240
1748704978,182
1748704979,241
1748704979,240
1748704979,182
1748704979,240
1748704980,239
1748704980,241
1748704980,240
1748704980,239
1748704980,241
1748704981,240
1748704981,239
1748704981,184
1748704981,182
1748704981,183
1748704982,239
1748704982,183
1748704982,240
1748704982,182
1748704983,182
1748704983,183
1748704983,243
1748704983,182
1748704983,182
1748704984,184
1748704984,182
1748704984,241
1748704984,239
1748704984,183
1748704985,240
1748704985,240
1748704985,182
1748704985,183
1748704986,183
1748704986,183
1748704986,183
1748704986,239
1748704986,183
1748704987,183
1748704987,240
1748704987,183
1748704987,240
1748704987,240
1748704988,241
1748704988,241
1748704988,240
1748704988,239
1748704989,239
1748704989,239
1748704989,182
1748704989,183
1748704989,241
1748704990,240
1748704990,240
1748704990,241
1748704990,240
1748704990,240
1748704991,240
1748704991,182
1748704991,240
1748704991,182
1748704992,242
1748704992,241
1748704992,182
1748704992,240
1748704992,239
1748704993,241
1748704993,240
1748704993,240
1748704993,241
1748704993,184
1748704994,241
1748704994,240
1748704994,241
1748704994,183
1748704995,183
1748704995,240
1748704995,240
1748704995,240
1748704995,240
1748704996,183
1748704996,239
1748704996,240
1748704996,240
1748704996,242
1748704997,183
1748704997,241
1748704997,182
1748704997,184
1748704998,183
1748704998,240
1748704998,240
1748704998,240
1748704998,239
1748704999,240
1748704999,239
1748704999,183
1748704999,240
1748704999,240
1748705000,183
1748705000,240
1748705000,240
1748705000,239
1748705001,239
1748705001,240
1748705001,183
1748705001,184
1748705001,184
1748705002,239
1748705002,240
1748705002,183
1748705002,240
1748705002,183
1748705003,240
1748705003,183
1748705003,240
1748705003,183
1748705004,240
1748705004,239
1748705004,241
1748705004,184
1748705004,239
1748705005,183
1748705005,240
1748705005,239
1748705005,239
1748705005,239
1748705006,240
1748705006,239
1748705006,240
1748705006,240
1748705007,183
1748705007,240
1748705007,239
1748705007,239
1748705007,239
1748705008,241
1748705008,240
1748705008,240
1748705008,239
1748705008,240
1748705009,240
1748705009,240
1748705009,240
1748705009,240
1748705010,242
1748705010,240
1748705010,240
1748705010,240
1748705010,240
1748705011,240
1748705011,240
1748705011,240
1748705011,239
1748705012,240
1748705012,240
1748705012,239
1748705012,239
1748705012,241
1748705013,240
1748705013,239
1748705013,240
1748705013,241
1748705013,276
1748705014,276
1748705014,240
1748705014,275
1748705014,242
1748705015,183
1748705015,182
1748705015,184
1748705015,239
1748705015,183
1748705016,240
1748705016,183
1748705016,241
1748705016,242
1748705016,242
1748705017,184
1748705017,241
1748705017,240
1748705017,239
1748705018,239
1748705018,240
1748705018,240
1748705018,241
1748705018,241
1748705019,240
1748705019,240
1748705019,240
1748705019,239
1748705019,240
1748705020,239
1748705020,240
1748705020,239
1748705020,241
1748705021,184
1748705021,240
1748705021,240
1748705021,240
1748705021,239
1748705022,184
1748705022,183
1748705022,239
1748705022,241
1748705022,184
1748705023,183
1748705023,239
1748705023,239
1748705023,239
1748705024,241
1748705024,239
1748705024,240
1748705024,241
1748705024,182
1748705025,240
1748705025,183
1748705025,240
1748705025,184
1748705025,183
1748705026,183
1748705026,185
1748705026,183
1748705026,239
1748705027,184
1748705027,183
1748705027,184
1748705027,182
1748705027,182
1748705028,182
1748705028,182
1748705028,183
1748705028,182
1748705028,184
1748705029,184
1748705029,184
1748705029,182
1748705029,239
1748705030,239
1748705030,239
1748705030,184
1748705030,239
1748705030,182
1748705031,182
1748705031,183
1748705031,239
1748705031,183
1748705031,240
1748705032,239
1748705032,182
1748705032,98
1748705032,183
1748705032,240
1748705033,183
1748705033,182
1748705033,240
1748705033,238
1748705034,239
1748705034,239
1748705034,240
1748705034,98
1748705034,184
1748705035,183
1748705035,240
1748705035,184
1748705035,112
1748705035,183
1748705036,182
1748705036,183
1748705036,240
1748705036,240
1748705037,240
1748705037,239
1748705037,239
1748705037,239
1748705037,240
1748705038,240
1748705038,239
1748705038,240
1748705038,240
1748705038,240
1748705039,240
1748705039,240
1748705039,240
1748705039,239
1748705040,240
1748705040,241
1748705040,183
1748705040,239
1748705040,239
1748705041,183
1748705041,240
1748705041,239
1748705041,240
1748705041,181
1748705042,239
1748705042,239
1748705042,240
1748705042,184
1748705043,182
1748705043,183
1748705043,183
1748705043,108
1748705043,183
1748705044,240
1748705044,183
1748705044,184
1748705044,183
1748705044,186
1748705045,181
1748705045,184
1748705045,183
1748705045,182
1748705046,182
1748705046,184
1748705046,182
1748705046,184
1748705046,182
1748705047,184
1748705047,239
1748705047,114
1748705047,239
1748705047,241
1748705048,183
1748705048,183
1748705048,183
1748705048,182
1748705049,183
1748705049,183
1748705049,183
1748705049,242
1748705049,240
1748705050,183
1748705050,183
1748705050,239
1748705050,241
1748705050,182
1748705051,183
1748705051,185
1748705051,239
1748705051,183
1748705052,180
1748705052,183
1748705052,241
1748705052,240
1748705052,184
1748705053,182
1748705053,183
1748705053,239
1748705053,183
1748705053,239
1748705054,241
1748705054,239
1748705054,117
1748705054,241
1748705054,182
1748705055,183
1748705055,182
1748705055,240
1748705055,184
1748705056,239
1748705056,183
1748705056,183
1748705056,239
1748705056,239
1748705057,183
1748705057,183
1748705057,240
1748705057,240
1748705057,240
1748705058,182
1748705058,240
1748705058,182
1748705058,183
1748705059,239
1748705059,182
1748705059,183
1748705059,183
1748705059,184
1748705060,183
1748705060,241
1748705060,184
1748705060,184
1748705060,184
1748705061,241
1748705061,183
1748705061,240
1748705061,183
1748705062,240
1748705062,184
1748705062,183
1748705062,240
1748705062,182
1748705063,183
1748705063,182
1748705063,182
1748705063,240
1748705063,184
1748705064,241
1748705064,240
1748705064,239
1748705064,182
1748705065,183
1748705065,184
1748705065,240
1748705065,240
1748705065,183
1748705066,240
1748705066,240
1748705066,182
1748705066,183
1748705066,240
1748705067,241
1748705067,239
1748705067,183
1748705067,183
1748705068,240
1748705068,240
1748705068,183
1748705068,184
1748705068,240
1748705069,242
1748705069,182
1748705069,240
1748705069,183
1748705069,184
1748705070,241
1748705070,240
1748705070,239
1748705070,239
1748705071,241
1748705071,137
1748705071,240
1748705071,182
1748705071,183
1748705072,239
1748705072,240
1748705072,184
1748705072,183
1748705072,240
1748705073,240
1748705073,183
1748705073,183
1748705073,183
1748705074,240
1748705074,240
1748705074,240
1748705074,183
1748705074,241
1748705075,240
1748705075,240
1748705075,239
1748705075,241
1748705075,240
1748705076,240
1748705076,239
1748705076,240
1748705076,241
1748705077,240
1748705077,239
1748705077,239
1748705077,240
1748705077,183
1748705078,240
1748705078,240
1748705078,240
1748705078,184
1748705078,239
1748705079,240
1748705079,240
1748705079,240
1748705079,172
1748705080,240
1748705080,182
1748705080,240
1748705080,239
1748705080,183
1748705081,240
1748705081,239
1748705081,240
1748705081,240
1748705081,240
1748705082,240
1748705082,240
1748705082,239
1748705082,240
1748705083,239
1748705083,184
1748705083,184
1748705083,183
1748705083,182
1748705084,241
1748705084,183
1748705084,184
1748705084,182
1748705084,182
1748705085,184
1748705085,183
1748705085,239
1748705085,240
1748705086,240
1748705086,239
1748705086,183
1748705086,240
1748705086,183
1748705087,241
1748705087,240
1748705087,239
1748705087,239
1748705087,240
1748705088,183
1748705088,183
1748705088,240
1748705088,182
1748705089,240
1748705089,182
1748705089,182
1748705089,183
1748705089,183
1748705090,183
1748705090,240
1748705090,183
1748705090,182
1748705090,182
1748705091,182
1748705091,239
1748705091,240
1748705091,239
1748705092,183
1748705092,238
1748705092,239
1748705092,239
1748705092,240
1748705093,239
1748705093,239
1748705093,240
1748705093,240
1748705093,240
1748705094,240
1748705094,275
1748705094,240
1748705094,238
1748705095,240
1748705095,91
1748705095,240
1748705095,240
1748705095,240
1748705096,111
1748705096,240
1748705096,240
1748705096,242
1748705096,275
1748705097,240
1748705097,240
1748705097,239
1748705097,239
1748705098,239
1748705098,239
1748705098,240
1748705098,183
1748705098,183
1748705099,182
1748705099,240
1748705099,184
1748705099,240
1748705099,240
1748705100,182
1748705100,183
1748705100,240
1748705100,184
1748705101,183
1748705101,240
1748705101,241
1748705101,239
1748705101,240
1748705102,240
1748705102,240
1748705102,241
1748705102,182
1748705102,183
1748705103,239
1748705103,240
1748705103,241
1748705103,181
1748705104,182
1748705104,182
1748705104,182
1748705104,182
1748705104,239
1748705105,184
1748705105,182
1748705105,239
1748705105,239
1748705105,183
1748705106,183
1748705106,239
1748705106,239
1748705106,241
1748705107,240
1748705107,240
1748705107,239
1748705107,184
1748705107,240
1748705108,240
1748705108,240
1748705108,240
1748705108,183
1748705108,241
1748705109,240
1748705109,239
1748705109,239
1748705109,239
1748705110,239
1748705110,239
1748705110,184
1748705110,239
1748705110,239
1748705111,240
1748705111,240
1748705111,242
1748705111,241
1748705111,240
1748705112,241
1748705112,239
1748705112,183
1748705112,240
1748705113,240
1748705113,184
1748705113,183
1748705113,183
1748705113,239
1748705114,239
1748705114,239
1748705114,239
1748705114,185
1748705114,240
1748705115,241
1748705115,240
1748705115,241
1748705115,183
1748705116,239
1748705116,239
1748705116,239
1748705116,241
1748705116,239
1748705117,241
1748705117,183
1748705117,240
1748705117,240
1748705117,240
1748705118,239
1748705118,240
1748705118,184
1748705118,240
1748705119,240
1748705119,240
1748705119,239
1748705119,240
1748705119,241
1748705120,241
1748705120,239
1748705120,240
1748705120,240
1748705120,240
1748705121,242
1748705121,240
1748705121,111
1748705121,241
1748705122,240
1748705122,241
1748705122,242
1748705122,240
1748705122,240
1748705123,240
1748705123,240
1748705123,241
1748705123,241
1748705124,240
1748705124,276
1748705124,274
1748705124,-1
1748705124,24
1748705125,240
1748705125,241
1748705125,241
1748705125,239
1748705125,240
1748705126,242
1748705126,240
1748705126,240
1748705126,184
1748705127,239
1748705127,240
1748705127,240
1748705127,275
1748705127,241
1748705128,183
1748705128,242
1748705128,240
1748705128,182
1748705128,240
1748705129,182
1748705129,239
1748705129,142
1748705129,135
1748705130,182
1748705130,183
1748705130,240
1748705130,183
1748705130,183
1748705131,241
1748705131,239
1748705131,135
1748705131,182
1748705131,182
1748705132,239
1748705132,182
1748705132,240
1748705132,240
1748705133,180
1748705133,239
1748705133,239
1748705133,239
1748705133,239
1748705134,114
1748705134,242
1748705134,239
1748705134,239
1748705134,240
1748705135,239
1748705135,240
1748705135,240
1748705135,239
1748705136,183
1748705136,240
1748705136,182
1748705136,239
1748705136,240
1748705137,240
1748705137,184
1748705137,240
1748705137,240
1748705137,239
1748705138,241
1748705138,182
1748705138,184
1748705138,184
1748705139,240
1748705139,240
1748705139,239
1748705139,240
1748705139,240
1748705140,240
1748705140,183
1748705140,240
1748705140,239
1748705140,239
1748705141,240
1748705141,240
1748705141,240
1748705141,240
1748705142,239
1748705142,240
1748705142,239
1748705142,239
1748705142,240
1748705143,240
1748705143,241
1748705143,240
1748705143,240
1748705143,240
1748705144,240
1748705144,239
1748705144,240
1748705144,241
1748705145,240
1748705145,183
1748705145,239
1748705145,240
1748705145,241
1748705146,183
1748705146,239
1748705146,239
1748705146,239
1748705146,240
1748705147,239
1748705147,240
1748705147,183
1748705147,241
1748705148,240
1748705148,239
1748705148,183
1748705148,183
1748705148,182
1748705149,183
1748705149,240
1748705149,240
1748705149,241
1748705149,183
1748705150,240
1748705150,240
1748705150,239
1748705150,183
1748705151,240
1748705151,241
1748705151,240
1748705151,241
1748705151,239
1748705152,239
1748705152,241
1748705152,182
1748705152,183
1748705152,182
1748705153,239
1748705153,183
1748705153,239
1748705153,238
1748705154,183
1748705154,183
1748705154,182
1748705154,184
1748705154,240
1748705155,240
1748705155,183
1748705155,239
1748705155,240
1748705155,239
1748705156,239
1748705156,240
1748705156,240
1748705156,240
1748705157,240
1748705157,239
1748705157,182
1748705157,239
1748705157,239
1748705158,182
1748705158,184
1748705158,239
1748705158,239
1748705158,183
1748705159,239
1748705159,240
1748705159,240
1748705159,240
1748705160,240
1748705160,240
1748705160,241
1748705160,240
1748705160,240
1748705161,240
1748705161,240
1748705161,239
1748705161,240
1748705161,240
1748705162,240
1748705162,240
1748705162,240
1748705162,240
1748705163,241
1748705163,182
1748705163,239
1748705163,183
1748705163,240
1748705164,240
1748705164,241
1748705164,242
1748705164,242
1748705165,240
1748705165,241
1748705165,239
1748705165,-1
1748705165,24
1748705166,-1
1748705166,24
1748705166,240
1748705166,184
1748705166,182
1748705167,240
1748705167,240
1748705167,240
1748705167,240
1748705168,239
1748705168,241
1748705168,241
1748705168,183
1748705168,240
1748705169,184
1748705169,239
1748705169,183
1748705169,183
1748705169,240
1748705170,183
1748705170,239
1748705170,239
1748705170,240
1748705171,183
1748705171,240
1748705171,241
1748705171,240
1748705171,240
1748705172,240
1748705172,239
1748705172,241
1748705172,239
1748705172,184
1748705173,239
1748705173,240
1748705173,239
1748705173,184
1748705174,239
1748705174,239
1748705174,241
1748705174,240
1748705174,183
1748705175,239
1748705175,240
1748705175,240
1748705175,239
1748705175,239
1748705176,183
1748705176,241
1748705176,239
1748705176,240
1748705177,184
1748705177,241
1748705177,239
1748705177,183
1748705177,239
1748705178,239
1748705178,239
1748705178,240
1748705178,240
1748705178,240
1748705179,239
1748705179,241
1748705179,183
1748705179,239
1748705180,240
1748705180,241
1748705180,183
1748705180,239
1748705180,239
1748705181,240
1748705181,240
1748705181,239
1748705181,240
1748705181,240
1748705182,240
1748705182,240
1748705182,240
1748705182,239
1748705183,239
1748705183,183
1748705183,240
1748705183,240
1748705183,240
1748705184,242
1748705184,-1
1748705184,24
1748705184,239
1748705184,183
1748705185,239
1748705185,240
1748705185,240
1748705185,113
1748705186,274
1748705186,240
1748705186,240
1748705186,239
1748705186,182
1748705187,240
1748705187,182
1748705187,240
1748705187,183
1748705187,241
1748705188,183
1748705188,183
1748705188,240
1748705188,239
1748705189,240
1748705189,240
1748705189,183
1748705189,239
1748705189,239
1748705190,240
1748705190,239
1748705190,239
1748705190,240
1748705191,240
1748705191,184
1748705191,239
1748705191,184
1748705191,182
1748705192,183
1748705192,183
1748705192,184
1748705192,240
1748705192,239
1748705193,183
1748705193,183
1748705193,182
1748705193,182
1748705193,182
1748705194,183
1748705194,239
1748705194,239
1748705194,183
1748705195,181
1748705195,182
1748705195,184
1748705195,183
1748705195,240
1748705196,239
1748705196,182
1748705196,183
1748705196,183
1748705196,183
1748705197,184
1748705197,240
1748705197,240
1748705197,241
1748705198,240
1748705198,183
1748705198,182
1748705198,183
1748705198,184
1748705199,183
1748705199,240
1748705199,240
1748705199,183
1748705199,183
1748705200,241
1748705200,241
1748705200,240
1748705200,240
1748705201,239
1748705201,183
1748705201,240
1748705201,184
1748705201,184
1748705202,184
1748705202,240
1748705202,183
1748705202,240
1748705202,241
1748705203,240
1748705203,182
1748705203,240
1748705203,240
1748705204,-1
1748705204,24
1748705204,240
1748705204,-1
1748705204,24
1748705205,240
1748705205,240
1748705205,240
1748705205,183
1748705205,241
1748705206,184
1748705206,242
1748705206,239
1748705206,240
1748705207,182
1748705207,182
1748705207,239
1748705207,182
1748705207,183
1748705208,182
1748705208,184
1748705208,241
1748705208,240
1748705208,183
1748705209,239
1748705209,184
1748705209,183
1748705209,182
1748705210,239
1748705210,240
1748705210,183
1748705210,241
1748705210,241
1748705211,239
1748705211,184
1748705211,183
1748705211,239
1748705211,240
1748705212,184
1748705212,183
1748705212,239
1748705212,239
1748705213,183
1748705213,241
1748705213,182
1748705213,183
1748705213,239
1748705214,239
1748705214,241
1748705214,240
1748705214,240
1748705214,239
1748705215,240
1748705215,239
1748705215,241
1748705215,240
1748705216,183
1748705216,240
1748705216,240
1748705216,240
1748705216,183
1748705217,239
1748705217,183
1748705217,241
1748705217,183
1748705217,183
1748705218,239
1748705218,241
1748705218,182
1748705218,239
1748705219,240
1748705219,240
1748705219,239
1748705219,239
1748705219,183
1748705220,239
1748705220,183
1748705220,239
1748705220,241
1748705220,239
1748705221,240
1748705221,239
1748705221,239
1748705221,240
1748705222,239
1748705222,239
1748705222,239
1748705222,239
1748705222,240
1748705223,239
1748705223,241
1748705223,240
1748705223,242
1748705223,239
1748705224,240
1748705224,241
1748705224,239
1748705224,240
1748705225,239
1748705225,240
1748705225,239
1748705225,241
1748705225,239
1748705226,240
1748705226,239
1748705226,240
1748705226,240
1748705227,239
1748705227,241
1748705227,239
1748705227,240
1748705227,241
1748705228,240
1748705228,239
1748705228,239
1748705228,239
1748705228,239
1748705229,240
1748705229,240
1748705229,239
1748705229,239
1748705230,240
1748705230,240
1748705230,239
1748705230,241
1748705230,240
1748705231,239
1748705231,239
1748705231,239
1748705231,241
1748705231,240
1748705232,239
1748705232,239
1748705232,241
1748705232,239
1748705233,241
1748705233,240
1748705233,240
1748705233,240
1748705233,239
1748705234,239
1748705234,239
1748705234,240
1748705234,240
1748705234,240
1748705235,240
1748705235,239
1748705235,239
1748705235,240
1748705236,239
1748705236,240
1748705236,239
1748705236,239
1748705236,239
1748705237,240
1748705237,240
1748705237,239
1748705237,239
1748705237,239
1748705238,240
1748705238,239
1748705238,241
1748705238,239
1748705239,241
1748705239,239
1748705239,183
1748705239,241
1748705239,240
1748705240,239
1748705240,239
1748705240,240
1748705240,240
1748705241,240
1748705241,240
1748705241,239
1748705241,240
1748705241,185
1748705242,239
1748705242,239
1748705242,239
1748705242,240
1748705242,184
1748705243,240
1748705243,183
1748705243,182
1748705243,183
1748705244,239
1748705244,182
1748705244,240
1748705244,239
1748705244,183
1748705245,239
1748705245,183
1748705245,183
1748705245,240
1748705245,240
1748705246,183
1748705246,239
1748705246,183
1748705246,239
1748705247,183
1748705247,183
1748705247,240
1748705247,239
1748705247,184
1748705248,240
1748705248,239
1748705248,239
1748705248,240
1748705248,239
1748705249,240
1748705249,240
1748705249,240
1748705249,184
1748705250,239
1748705250,184
1748705250,240
1748705250,240
1748705250,240
1748705251,240
1748705251,239
1748705251,183
1748705251,240
1748705251,239
1748705252,183
1748705252,239
1748705252,239
1748705252,239
1748705253,242
1748705253,240
1748705253,239
1748705253,239
1748705253,239
1748705254,239
1748705254,242
1748705254,240
1748705254,240
1748705254,241
1748705255,182
1748705255,242
1748705255,239
1748705255,240
1748705256,240
1748705256,239
1748705256,240
1748705256,240
1748705256,183
1748705257,239
1748705257,240
1748705257,239
1748705257,239
1748705257,240
1748705258,182
1748705258,184
1748705258,240
1748705258,184
1748705259,184
1748705259,184
1748705259,239
1748705259,182
1748705259,241
1748705260,240
1748705260,183
1748705260,240
1748705260,184
1748705260,184
1748705261,183
1748705261,183
1748705261,240
1748705261,240
1748705262,239
1748705262,241
1748705262,183
1748705262,183
1748705262,183
1748705263,183
1748705263,240
1748705263,242
1748705263,183
1748705263,240
1748705264,240
1748705264,185
1748705264,184
1748705264,241
1748705265,183
1748705265,242
1748705265,239
1748705265,182
1748705265,182
1748705266,183
1748705266,183
1748705266,184
1748705266,182
1748705266,241
1748705267,182
1748705267,182
1748705267,239
1748705267,183
1748705268,183
1748705268,182
1748705268,181
1748705268,184
1748705268,239
1748705269,182
1748705269,183
1748705269,182
1748705269,182
1748705269,239
1748705270,239
1748705270,239
1748705270,241
1748705270,183
1748705270,239
1748705271,183
1748705271,182
1748705271,239
1748705271,183
1748705272,183
1748705272,240
1748705272,182
1748705272,239
1748705272,239
1748705273,183
1748705273,240
1748705273,240
1748705273,240
1748705273,183
1748705274,239
1748705274,239
1748705274,183
1748705274,183
1748705275,239
1748705275,239
1748705275,183
1748705275,239
1748705275,183
1748705276,184
1748705276,184
1748705276,182
1748705276,239
1748705276,184
1748705277,241
1748705277,240
1748705277,184
1748705277,239
1748705278,239
1748705278,239
1748705278,239
1748705278,239
1748705278,110
1748705279,184
1748705279,185
1748705279,240
1748705279,239
1748705279,239
1748705280,238
1748705280,240
1748705280,183
1748705280,239
1748705281,239
1748705281,113
1748705281,239
1748705281,138
1748705281,140
1748705282,240
1748705282,123
1748705282,239
1748705282,239
1748705282,114
1748705283,239
1748705283,239
1748705283,182
1748705283,240
1748705284,184
1748705284,239
1748705284,182
1748705284,240
1748705284,183
1748705285,240
1748705285,184
1748705285,182
1748705285,183
1748705285,183
1748705286,184
1748705286,183
1748705286,184
1748705286,184
1748705287,184
1748705287,183
1748705287,183
1748705287,184
1748705287,184
1748705288,183
1748705288,182
1748705288,183
1748705288,184
1748705288,182
1748705289,183
1748705289,240
1748705289,114
1748705289,183
1748705289,183
1748705290,122
1748705290,182
1748705290,184
1748705290,184
1748705291,183
1748705291,182
1748705291,183
1748705291,183
1748705291,240
1748705292,183
1748705292,240
1748705292,240
1748705292,183
1748705292,241
1748705293,239
1748705293,241
1748705293,239
1748705293,183
1748705294,183
1748705294,183
1748705294,183
1748705294,240
1748705294,183
1748705295,184
1748705295,184
1748705295,183
1748705295,240
1748705295,184
1748705296,184
1748705296,180
1748705296,183
1748705296,183
1748705297,183
1748705297,183
1748705297,183
1748705297,184
1748705297,183
1748705298,184
1748705298,184
1748705298,183
1748705298,180
1748705298,183
1748705299,184
1748705299,182
1748705299,183
1748705299,185
1748705299,182
1748705300,182
1748705300,182
1748705300,183
1748705300,183
1748705301,183
1748705301,182
1748705301,183
1748705301,182
1748705301,182
1748705302,184
1748705302,240
1748705302,239
1748705302,184
1748705302,183
1748705303,183
1748705303,182
1748705303,183
1748705303,183
1748705304,182
1748705304,183
1748705304,182
1748705304,183
1748705304,182
1748705305,184
1748705305,182
1748705305,182
1748705305,184
1748705305,183
1748705306,183
1748705306,185
1748705306,184
1748705306,185
1748705306,183
1748705307,184
1748705307,183
1748705307,184
1748705307,182
1748705308,183
1748705308,239
1748705308,184
1748705308,182
1748705308,239
1748705309,240
1748705309,241
1748705309,239
1748705309,239
1748705309,239
1748705310,241
1748705310,239
1748705310,239
1748705310,238
1748705311,239
1748705311,184
1748705311,183
1748705311,184
1748705311,184
1748705312,239
1748705312,182
1748705312,183
1748705312,183
1748705312,183
1748705313,184
1748705313,182
1748705313,239
1748705313,184
1748705314,184
1748705314,184
1748705314,240
1748705314,241
1748705314,185
1748705315,184
1748705315,183
1748705315,183
1748705315,183
1748705315,183
1748705316,183
1748705316,183
1748705316,184
1748705316,185
1748705317,184
1748705317,184
1748705317,182
1748705317,183
1748705317,182
1748705318,182
1748705318,239
1748705318,185
1748705318,182
1748705318,183
1748705319,182
1748705319,185
1748705319,183
1748705319,185
1748705319,240
1748705320,241
1748705320,183
1748705320,183
1748705320,239
1748705321,183
1748705321,184
1748705321,183
1748705321,184
1748705321,182
1748705322,183
1748705322,183
1748705322,185
1748705322,183
1748705322,183
1748705323,183
1748705323,239
1748705323,182
1748705323,182
1748705324,182
1748705324,115
1748705324,183
1748705324,182
1748705324,183
1748705325,183
1748705325,183
1748705325,183
1748705325,239
1748705325,183
1748705326,184
1748705326,183
1748705326,241
1748705326,183
1748705327,185
1748705327,184
1748705327,240
1748705327,184
1748705327,184
1748705328,185
1748705328,183
1748705328,182
1748705328,112
1748705328,183
1748705329,184
1748705329,239
1748705329,182
1748705329,239
1748705329,239
1748705330,239
1748705330,183
1748705330,183
1748705330,183
1748705331,184
1748705331,113
1748705331,184
1748705331,183
1748705331,183
1748705332,112
1748705332,112
1748705332,183
1748705332,239
1748705332,239
1748705333,239
1748705333,182
1748705333,184
1748705333,184
1748705334,183
1748705334,182
1748705334,242
1748705334,239
1748705334,239
1748705335,183
1748705335,183
1748705335,183
1748705335,183
1748705335,183
1748705336,183
1748705336,182
1748705336,113
1748705336,182
1748705336,184
1748705337,183
1748705337,184
1748705337,185
1748705337,182
1748705338,184
1748705338,239
1748705338,183
1748705338,243
1748705338,184
1748705339,239
1748705339,184
1748705339,183
1748705339,240
1748705339,241
1748705340,183
1748705340,182
1748705340,184
1748705340,184
1748705341,184
1748705341,182
1748705341,184
1748705341,184
1748705341,183
1748705342,182
1748705342,240
1748705342,184
1748705342,183
1748705342,182
1748705343,183
1748705343,184
1748705343,184
1748705343,183
1748705344,184
1748705344,239
1748705344,239
1748705344,182
1748705344,239
1748705345,183
1748705345,182
1748705345,183
1748705345,183
1748705345,184
1748705346,183
1748705346,183
1748705346,183
1748705346,184
1748705346,184
1748705347,239
1748705347,183
1748705347,183
1748705347,183
1748705348,183
1748705348,183
1748705348,239
1748705348,182
1748705348,182
1748705349,182
1748705349,182
1748705349,183
1748705349,183
1748705349,183
1748705350,182
1748705350,182
1748705350,184
1748705350,183
1748705351,183
1748705351,182
1748705351,183
1748705351,181
1748705351,182
1748705352,183
1748705352,182
1748705352,183
1748705352,182
1748705352,182
1748705353,183
1748705353,182
1748705353,182
1748705353,183
1748705353,185
1748705354,183
1748705354,183
1748705354,182
1748705354,182
1748705355,182
1748705355,182
1748705355,182
1748705355,183
1748705355,182
1748705356,183
1748705356,182
1748705356,181
1748705356,182
1748705356,182
1748705357,182
1748705357,181
1748705357,181
1748705357,183
1748705358,181
1748705358,183
1748705358,183
1748705358,182
1748705358,182
1748705359,182
1748705359,182
1748705359,182
1748705359,181
1748705359,182
1748705360,184
1748705360,182
1748705360,183
1748705360,183
1748705360,182
1748705361,182
1748705361,183
1748705361,184
1748705361,182
1748705362,182
1748705362,183
1748705362,183
1748705362,182
1748705362,183
1748705363,182
1748705363,183
1748705363,183
1748705363,182
1748705363,184
1748705364,185
1748705364,183
1748705364,182
1748705364,183
1748705365,184
1748705365,182
1748705365,182
1748705365,182
1748705365,183
1748705366,184
1748705366,184
1748705366,183
1748705366,239
1748705366,183
1748705367,183
1748705367,182
1748705367,183
1748705367,182
1748705368,182
1748705368,182
1748705368,182
1748705368,182
1748705368,182
1748705369,182
1748705369,182
1748705369,183
1748705369,182
1748705369,182
1748705370,183
1748705370,183
1748705370,182
1748705370,182
1748705370,182
1748705371,183
1748705371,182
1748705371,182
1748705371,182
1748705372,183
1748705372,183
1748705372,182
1748705372,184
1748705372,182
1748705373,183
1748705373,182
1748705373,182
1748705373,183
1748705373,239
1748705374,183
1748705374,184
1748705374,183
1748705374,183
1748705375,182
1748705375,183
1748705375,183
1748705375,183
1748705375,239
1748705376,182
1748705376,182
1748705376,183
1748705376,182
1748705376,184
1748705377,183
1748705377,183
1748705377,182
1748705377,183
1748705377,184
1748705378,182
1748705378,184
1748705378,183
1748705378,184
1748705379,183
1748705379,183
1748705379,183
1748705379,239
1748705379,182
1748705380,183
1748705380,182
1748705380,181
1748705380,183
1748705380,183
1748705381,183
1748705381,182
1748705381,182
1748705381,184
1748705382,182
1748705382,183
1748705382,184
1748705382,183
1748705382,184
1748705383,183
1748705383,183
1748705383,183
1748705383,183
1748705383,183
1748705384,184
1748705384,184
1748705384,239
1748705384,240
1748705384,182
1748705385,185
1748705385,183
1748705385,183
1748705385,183
1748705386,183
1748705386,183
1748705386,183
1748705386,183
1748705386,182
1748705387,183
1748705387,183
1748705387,182
1748705387,183
1748705387,239
1748705388,239
1748705388,183
1748705388,183
1748705388,183
1748705389,183
1748705389,183
1748705389,184
1748705389,238
1748705389,240
1748705390,182
1748705390,184
1748705390,183
1748705390,184
1748705390,183
1748705391,183
1748705391,183
1748705391,183
1748705391,239
1748705392,182
1748705392,241
1748705392,183
1748705392,183
1748705392,182
1748705393,183
1748705393,183
1748705393,182
1748705393,182
1748705393,183
1748705394,183
1748705394,183
1748705394,184
1748705394,183
1748705394,184
1748705395,182
1748705395,182
1748705395,183
1748705395,183
1748705396,112
1748705396,183
1748705396,239
1748705396,183
1748705396,239
1748705397,183
1748705397,183
1748705397,182
1748705397,183
1748705397,181
1748705398,182
1748705398,182
1748705398,183
1748705398,240
1748705399,182
1748705399,182
1748705399,181
1748705399,183
1748705399,183
1748705400,182
1748705400,183
1748705400,184
1748705400,239
1748705400,183
1748705401,184
1748705401,183
1748705401,183
1748705401,183
1748705401,182
1748705402,183
1748705402,181
1748705402,182
1748705402,181
1748705403,183
1748705403,183
1748705403,182
1748705403,182
1748705403,181
1748705404,182
1748705404,183
1748705404,183
1748705404,183
1748705404,183
1748705405,181
1748705405,182
1748705405,240
1748705405,184
1748705406,183
1748705406,182
1748705406,183
1748705406,183
1748705406,183
1748705407,239
1748705407,182
1748705407,182
1748705407,183
1748705407,182
1748705408,181
1748705408,183
1748705408,183
1748705408,184
1748705408,183
1748705409,183
1748705409,183
1748705409,239
1748705409,184
1748705410,239
1748705410,240
1748705410,183
1748705410,183
1748705410,185
1748705411,183
1748705411,182
1748705411,182
1748705411,182
1748705411,181
1748705412,182
1748705412,184
1748705412,183
1748705412,183
1748705413,184
1748705413,183
1748705413,183
1748705413,183
1748705413,184
1748705414,183
1748705414,183
1748705414,183
1748705414,182
1748705414,181
1748705415,182
1748705415,182
1748705415,182
1748705415,182
1748705416,183
1748705416,183
1748705416,240
1748705416,183
1748705416,182
1748705417,184
1748705417,239
1748705417,183
1748705417,184
1748705417,239
1748705418,183
1748705418,183
1748705418,183
1748705418,183
1748705418,183
1748705419,184
1748705419,182
1748705419,183
1748705419,183
1748705420,183
1748705420,184
1748705420,183
1748705420,184
1748705420,182
1748705421,182
1748705421,183
1748705421,182
1748705421,183
1748705421,183
1748705422,183
1748705422,183
1748705422,184
1748705422,182
1748705423,183
1748705423,182
1748705423,182
1748705423,183
1748705423,240
1748705424,182
1748705424,183
1748705424,183
1748705424,183
1748705424,182
1748705425,182
1748705425,113
1748705425,184
1748705425,183
1748705425,183
1748705426,183
1748705426,183
1748705426,182
1748705426,183
1748705427,183
1748705427,183
1748705427,183
1748705427,184
1748705427,184
1748705428,183
1748705428,183
1748705428,182
1748705428,181
1748705428,183
1748705429,183
1748705429,182
1748705429,183
1748705429,183
1748705430,239
1748705430,182
1748705430,183
1748705430,183
1748705430,183
1748705431,183
1748705431,183
1748705431,182
1748705431,184
1748705431,182
1748705432,182
1748705432,184
1748705432,183
1748705432,183
1748705432,183
1748705433,183
1748705433,183
1748705433,183
1748705433,182
1748705434,183
1748705434,182
1748705434,183
1748705434,184
1748705434,183
1748705435,239
1748705435,183
1748705435,183
1748705435,183
1748705435,182
1748705436,183
1748705436,182
1748705436,182
1748705436,182
1748705437,185
1748705437,185
1748705437,183
1748705437,182
1748705437,182
1748705438,183
1748705438,182
1748705438,182
1748705438,184
1748705438,183
1748705439,239
1748705439,182
1748705439,183
1748705439,182
1748705440,239
1748705440,182
1748705440,183
1748705440,183
1748705440,184
1748705441,182
1748705441,182
1748705441,182
1748705441,183
1748705441,183
1748705442,182
1748705442,183
1748705442,183
1748705442,182
1748705442,182
1748705443,183
1748705443,182
1748705443,183
1748705443,182
1748705444,182
1748705444,182
1748705444,183
1748705444,185
1748705444,184
1748705445,183
1748705445,183
1748705445,184
1748705445,183
1748705445,182
1748705446,183
1748705446,184
1748705446,183
1748705446,181
1748705447,182
1748705447,182
1748705447,181
1748705447,239
1748705447,182
1748705448,182
1748705448,183
1748705448,182
1748705448,182
1748705448,182
1748705449,113
1748705449,182
1748705449,182
1748705449,182
1748705449,182
1748705450,183
1748705450,183
1748705450,184
1748705450,182
1748705451,182
1748705451,183
1748705451,239
1748705451,182
1748705451,182
1748705452,181
1748705452,182
1748705452,181
1748705452,183
1748705452,181
1748705453,182
1748705453,182
1748705453,183
1748705453,183
1748705454,182
1748705454,184
1748705454,183
1748705454,183
1748705454,183
1748705455,184
1748705455,183
1748705455,183
1748705455,183
1748705455,239
1748705456,183
1748705456,183
1748705456,182
1748705456,183
1748705456,183
1748705457,241
1748705457,184
1748705457,239
1748705457,183
1748705458,184
1748705458,184
1748705458,183
1748705458,239
1748705458,183
1748705459,183
1748705459,183
1748705459,183
1748705459,184
1748705459,182
1748705460,183
1748705460,183
1748705460,182
1748705460,183
1748705461,182
1748705461,183
1748705461,185
1748705461,182
1748705461,183
1748705462,184
1748705462,184
1748705462,183
1748705462,183
1748705462,182
1748705463,184
1748705463,184
1748705463,184
1748705463,182
1748705463,183
1748705464,182
1748705464,182
1748705464,184
1748705464,183
1748705465,183
1748705465,183
1748705465,184
1748705465,184
1748705465,182
1748705466,183
1748705466,183
1748705466,183
1748705466,183
1748705466,183
1748705467,184
1748705467,184
1748705467,182
1748705467,183
1748705468,184
1748705468,183
1748705468,183
1748705468,182
1748705468,183
1748705469,183
1748705469,184
1748705469,182
1748705469,182
1748705469,183
1748705470,183
1748705470,182
1748705470,182
1748705470,183
1748705470,182
1748705471,182
1748705471,182
1748705471,182
1748705471,182
1748705472,239
1748705472,182
1748705472,183
1748705472,182
1748705472,182
1748705473,183
1748705473,183
1748705473,183
1748705473,184
1748705473,183
1748705474,183
1748705474,182
1748705474,183
1748705474,182
1748705475,183
1748705475,182
1748705475,184
1748705475,183
1748705475,239
1748705476,240
1748705476,183
1748705476,182
1748705476,183
1748705476,184
1748705477,184
1748705477,184
1748705477,183
1748705477,183
1748705478,183
1748705478,182
1748705478,183
1748705478,183
1748705478,182
1748705479,182
1748705479,182
1748705479,184
1748705479,183
1748705479,182
1748705480,182
1748705480,183
1748705480,182
1748705480,183
1748705480,183
1748705481,183
1748705481,183
1748705481,184
1748705481,183
1748705482,184
1748705482,183
1748705482,182
1748705482,183
1748705482,184
1748705483,183
1748705483,184
1748705483,183
1748705483,183
1748705483,183
1748705484,182
1748705484,182
1748705484,182
1748705484,182
1748705485,182
1748705485,183
1748705485,183
1748705485,182
1748705485,183
1748705486,182
1748705486,183
1748705486,183
1748705486,183
1748705486,183
1748705487,182
1748705487,182
1748705487,183
1748705487,183
1748705487,182
1748705488,183
1748705488,184
1748705488,183
1748705488,184
1748705489,241
1748705489,183
1748705489,184
1748705489,185
1748705489,183
1748705490,182
1748705490,183
1748705490,183
1748705490,183
1748705490,183
1748705491,182
1748705491,183
1748705491,183
1748705491,183
1748705492,182
1748705492,184
1748705492,182
1748705492,182
1748705492,182
1748705493,182
1748705493,183
1748705493,240
1748705493,182
1748705493,183
1748705494,184
1748705494,182
1748705494,183
1748705494,183
1748705494,183
1748705495,182
1748705495,183
1748705495,182
1748705495,184
1748705496,183
1748705496,182
1748705496,239
1748705496,183
1748705496,182
1748705497,183
1748705497,183
1748705497,184
1748705497,183
1748705497,183
1748705498,182
1748705498,183
1748705498,183
1748705498,183
1748705499,183
1748705499,183
1748705499,183
1748705499,183
1748705499,183
1748705500,183
1748705500,183
1748705500,183
1748705500,183
1748705500,183
1748705501,181
1748705501,182
1748705501,182
1748705501,182
1748705501,182
1748705502,239
1748705502,28
1748705502,23
1748705502,-1
1748705503,19
1748705503,33
1748705503,184
1748705503,238
1748705503,239
1748705504,239
1748705504,238
1748705504,239
1748705504,239
1748705504,239
1748705505,240
1748705505,239
1748705505,239
1748705505,240
1748705506,240
1748705506,239
1748705506,184
1748705506,239
1748705506,239
1748705507,240
1748705507,240
1748705507,240
1748705507,18
1748705507,22
1748705508,-1
1748705508,20
1748705508,23
1748705508,23
1748705508,24
1748705509,24
1748705509,24
1748705509,239
1748705509,238
1748705510,240
1748705510,24
1748705510,179
1748705510,178
1748705510,178
1748705511,178
1748705511,179
1748705511,24
1748705511,24
1748705511,178
1748705512,179
1748705512,180
1748705512,179
1748705512,180
1748705512,180
1748705513,179
1748705513,239
1748705513,239
1748705513,241
1748705514,24
1748705514,24
1748705514,238
1748705514,24
1748705514,24
1748705515,239
1748705515,239
1748705515,24
1748705515,24
1748705515,24
1748705516,24
1748705516,24
1748705516,24
1748705516,24
1748705516,24
1748705517,24
1748705517,239
1748705517,238
1748705517,180
1748705517,24
1748705518,24
1748705518,24
1748705518,24
1748705518,24
1748705518,24
1748705519,24
1748705519,24
1748705519,24
1748705519,24
1748705519,24
1748705520,24
1748705520,24
1748705520,24
1748705520,24
1748705521,24
1748705521,24
1748705521,24
1748705521,24
1748705521,24
1748705522,24
1748705522,239
1748705522,239
1748705522,238
1748705522,239
1748705523,239
1748705523,238
1748705523,239
1748705523,24
1748705523,24
1748705524,24
1748705524,24
1748705524,24
1748705524,181
1748705524,24
1748705525,24
1748705525,24
1748705525,239
1748705525,238
1748705526,238
1748705526,239
1748705526,238
1748705526,24
1748705526,24
1748705527,24
1748705527,24
1748705527,24
1748705527,24
1748705527,24
1748705528,24
1748705528,24
1748705528,24
1748705528,24
1748705528,24
1748705529,239
1748705529,24
1748705529,24
1748705529,239
1748705529,24
1748705530,24
1748705530,239
1748705530,239
1748705530,239
1748705530,238
1748705531,24
1748705531,24
1748705531,24
1748705531,239
1748705532,24
1748705532,24
1748705532,239
1748705532,24
1748705532,24
1748705533,24
1748705533,24
1748705533,238
1748705533,238
1748705533,24
1748705534,24
1748705534,238
1748705534,238
1748705534,239
1748705534,239
1748705535,239
1748705535,238
1748705535,238
1748705535,239
1748705536,238
1748705536,240
1748705536,24
1748705536,24
1748705536,24
1748705537,24
1748705537,24
1748705537,24
1748705537,24
1748705537,24
1748705538,24
1748705538,23
1748705538,24
1748705538,24
1748705538,24
1748705539,24
1748705539,24
1748705539,24
1748705539,24
1748705539,24
1748705540,24
1748705540,24
1748705540,239
1748705540,239
1748705540,238
1748705541,238
1748705541,238
1748705541,24
1748705541,24
1748705541,238
1748705542,239
1748705542,239
1748705542,24
1748705542,239
1748705543,239
1748705543,181
1748705543,24
1748705543,24
1748705543,24
1748705544,24
1748705544,24
1748705544,24
1748705544,24
1748705544,24
1748705545,24
1748705545,24
1748705545,24
1748705545,24
1748705545,24
1748705546,24
1748705546,24
1748705546,24
1748705546,24
1748705546,24
1748705547,24
1748705547,24
1748705547,24
1748705547,24
1748705547,24
1748705548,239
1748705548,239
1748705548,238
1748705548,238
1748705548,239
1748705549,239
1748705549,239
1748705549,239
1748705549,239
1748705550,238
1748705550,238
1748705550,239
1748705550,238
1748705550,239
1748705551,239
1748705551,238
1748705551,239
1748705551,239
1748705552,239
1748705552,239
1748705552,239
1748705552,239
1748705552,239
1748705553,238
1748705553,239
1748705553,239
1748705553,239
1748705553,239
1748705554,239
1748705554,25
1748705554,25
1748705554,25
1748705554,24
1748705555,24
1748705555,25
1748705555,24
1748705555,24
1748705555,24
1748705556,238
1748705556,239
1748705556,239
1748705556,240
1748705557,239
1748705557,24
1748705557,24
1748705557,24
1748705557,241
1748705558,238
1748705558,238
1748705558,239
1748705558,239
1748705558,239
1748705559,239
1748705559,239
1748705559,239
1748705559,24
1748705560,24
1748705560,24
1748705560,24
1748705560,24
1748705560,24
1748705561,24
1748705561,24
1748705561,239
1748705561,24
1748705561,24
1748705562,24
1748705562,24
1748705562,24
1748705562,24
1748705562,24
1748705563,23
1748705563,24
1748705563,23
1748705563,24
1748705563,24
1748705564,24
1748705564,24
1748705564,24
1748705564,24
1748705564,24
1748705565,24
1748705565,24
1748705565,24
1748705565,24
1748705565,24
1748705566,24
1748705566,24
1748705566,24
1748705566,24
1748705566,24
1748705567,239
1748705567,239
1748705567,240
1748705567,239
1748705567,24
1748705568,24
1748705568,24
1748705568,24
1748705568,239
1748705569,239
1748705569,24
1748705569,24
1748705569,239
1748705569,239
1748705570,24
1748705570,24
1748705570,24
1748705570,24
1748705570,24
1748705571,24
1748705571,24
1748705571,24
1748705571,24
1748705571,24
1748705572,24
1748705572,24
1748705572,24
1748705572,24
1748705572,24
1748705573,240
1748705573,238
1748705573,239
1748705573,239
1748705573,24
1748705574,24
1748705574,24
1748705574,24
1748705574,24
1748705574,24
1748705575,24
1748705575,238
1748705575,239
1748705575,239
1748705576,239
1748705576,239
1748705576,239
1748705576,24
1748705576,239
1748705577,239
1748705577,240
1748705577,239
1748705577,238
1748705577,24
1748705578,24
1748705578,238
1748705578,239
1748705578,239
1748705579,239
1748705579,239
1748705579,239
1748705579,239
1748705579,239
1748705580,239
1748705580,239
1748705580,179
1748705580,238
1748705580,238
1748705581,239
1748705581,239
1748705581,238
1748705581,239
1748705582,239
1748705582,239
1748705582,239
1748705582,239
1748705582,239
1748705583,238
1748705583,238
1748705583,239
1748705583,239
1748705583,239
1748705584,238
1748705584,239
1748705584,239
1748705584,114
1748705585,239
1748705585,24
1748705585,24
1748705585,239
1748705585,239
1748705586,24
1748705586,25
1748705586,24
1748705586,238
1748705586,239
1748705587,239
1748705587,239
1748705587,238
1748705587,239
1748705587,241
1748705588,239
1748705588,239
1748705588,238
1748705588,24
1748705589,24
1748705589,239
1748705589,24
1748705589,24
1748705589,24
1748705590,24
1748705590,24
1748705590,239
1748705590,238
1748705590,24
1748705591,24
1748705591,24
1748705591,24
1748705591,24
1748705591,24
1748705592,24
1748705592,24
1748705592,24
1748705592,24
1748705592,24
1748705593,24
1748705593,238
1748705593,24
1748705593,24
1748705593,239
1748705594,238
1748705594,239
1748705594,239
1748705594,24
1748705595,24
1748705595,24
1748705595,24
1748705595,24
1748705595,24
1748705596,24
1748705596,24
1748705596,24
1748705596,238
1748705596,240
1748705597,238
1748705597,240
1748705597,239
1748705597,238
1748705597,239
1748705598,238
1748705598,238
1748705598,24
1748705598,24
1748705598,24
1748705599,24
1748705599,239
1748705599,239
1748705599,238
1748705600,239
1748705600,238
1748705600,239
1748705600,238
1748705600,239
1748705601,239
1748705601,239
1748705601,239
1748705601,239
1748705601,239
1748705602,239
1748705602,238
1748705602,238
1748705602,239
1748705603,239
1748705603,238
1748705603,24
1748705603,24
1748705603,24
1748705604,24
1748705604,24
1748705604,24
1748705604,24
1748705604,24
1748705605,24
1748705605,24
1748705605,238
1748705605,238
1748705605,238
1748705606,239
1748705606,239
1748705606,24
1748705606,24
1748705607,24
1748705607,24
1748705607,24
1748705607,24
1748705607,24
1748705608,24
1748705608,24
1748705608,239
1748705608,239
1748705608,239
1748705609,239
1748705609,239
1748705609,238
1748705609,238
1748705609,238
1748705610,239
1748705610,239
1748705610,239
1748705610,238
1748705611,238
1748705611,239
1748705611,24
1748705611,24
1748705611,238
1748705612,24
1748705612,24
1748705612,239
1748705612,239
1748705612,238
1748705613,24
1748705613,24
1748705613,239
1748705613,238
1748705613,24
1748705614,24
1748705614,24
1748705614,24
1748705614,24
1748705614,24
1748705615,238
1748705615,238
1748705615,239
1748705615,239
1748705616,239
1748705616,24
1748705616,24
1748705616,24
1748705616,24
1748705617,182
1748705617,238
1748705617,238
1748705617,24
1748705617,23
1748705618,24
1748705618,23
1748705618,275
1748705618,26
1748705618,24
1748705619,23
1748705619,21
1748705619,19
1748705619,8
1748705619,5
1748705620,239
1748705620,238
1748705620,238
1748705620,238
1748705621,238
1748705621,238
1748705621,238
1748705621,238
1748705621,239
1748705622,238
1748705622,241
1748705622,238
1748705622,239
1748705622,241
1748705623,239
1748705623,238
1748705623,238
1748705623,239
1748705624,239
1748705624,238
1748705624,239
1748705624,20
1748705624,20
1748705625,18
1748705625,-1
1748705625,8
1748705625,8
1748705625,8
1748705626,8
1748705626,8
1748705626,8
1748705626,8
1748705626,8
1748705627,8
1748705627,8
1748705627,8
1748705627,8
1748705627,8
1748705628,8
1748705628,8
1748705628,8
1748705628,8
1748705628,8
1748705629,8
1748705629,8
1748705629,8
1748705629,8
1748705629,8
1748705630,8
1748705630,8
1748705630,8
1748705630,8
1748705630,8
1748705631,8
1748705631,8
1748705631,8
1748705631,8
1748705631,8
1748705632,8
1748705632,8
1748705632,8
1748705632,8
1748705632,8
1748705633,8
1748705633,8
1748705633,8
1748705633,8
1748705633,8
1748705634,8
1748705634,8
1748705634,8
1748705634,8
1748705634,8
1748705635,8
1748705635,8
1748705635,8
1748705635,8
1748705635,8
1748705636,8
1748705636,8
1748705636,8
1748705636,8
1748705636,8
1748705637,8
1748705637,8
1748705637,8
1748705637,8
1748705638,8
1748705638,8
1748705638,8
1748705638,8
1748705638,8
1748705639,8
1748705639,8
1748705639,8
1748705639,8
1748705639,8
1748705640,8
1748705640,8
1748705640,8
1748705640,8
1748705640,8
1748705641,8
1748705641,8
1748705641,8
1748705641,8
1748705641,8
1748705642,8
1748705642,8
1748705642,8
1748705642,8
1748705642,8
1748705643,8
1748705643,8
1748705643,8
1748705643,8
1748705643,8
1748705644,8
1748705644,8
1748705644,8
1748705644,8
1748705644,8
1748705645,8
1748705645,8
1748705645,8
1748705645,8
1748705645,8
1748705646,8
1748705646,8
1748705646,8
1748705646,8
1748705646,8
1748705647,8
1748705647,8
1748705647,8
1748705647,8
1748705647,8
1748705648,8
1748705648,8
1748705648,8
1748705648,8
1748705648,8
1748705649,8
1748705649,8
1748705649,8
1748705649,8
1748705649,8
1748705650,8
1748705650,8
1748705650,8
1748705650,8
1748705650,8
1748705651,8
1748705651,8
1748705651,8
1748705651,8
1748705651,8
1748705652,8
1748705652,8
1748705652,8
1748705652,8
1748705652,8
1748705653,8
1748705653,8
1748705653,8
1748705653,8
1748705653,8
1748705654,8
1748705654,8
1748705654,8
1748705654,8
1748705654,8
1748705655,8
1748705655,8
1748705655,8
1748705655,8
1748705655,8
1748705656,8
1748705656,8
1748705656,8
1748705656,8
1748705656,8
1748705657,8
1748705657,8
1748705657,8
1748705657,8
1748705657,8
1748705658,8
1748705658,8
1748705658,8
1748705658,8
1748705658,8
1748705659,8
1748705659,8
1748705659,8
1748705659,8
1748705659,8
1748705660,8
1748705660,8
1748705660,8
1748705660,8
1748705660,8
1748705661,8
1748705661,8
1748705661,8
1748705661,8
1748705662,8
1748705662,8
1748705662,8
1748705662,8
1748705662,8
1748705663,8
1748705663,8
1748705663,8
1748705663,8
1748705663,8
1748705664,8
1748705664,8
1748705664,8
1748705664,8
1748705664,8
1748705665,8
1748705665,8
1748705665,8
1748705665,8
1748705665,8
1748705666,8
1748705666,8
1748705666,8
1748705666,8
1748705666,8
1748705667,8
1748705667,8
1748705667,8
1748705667,8
1748705667,8
1748705668,8
1748705668,8
1748705668,8
1748705668,8
1748705668,8
1748705669,8
1748705669,8
1748705669,8
1748705669,8
1748705669,8
1748705670,8
1748705670,8
1748705670,8
1748705670,8
1748705670,8
1748705671,8
1748705671,8
1748705671,8
1748705671,8
1748705671,8
1748705672,8
1748705672,8
1748705672,8
1748705672,8
1748705672,8
1748705673,8
1748705673,8
1748705673,8
1748705673,8
1748705673,8
1748705674,8
1748705674,8
1748705674,8
1748705674,8
1748705674,8
1748705675,8
1748705675,8
1748705675,8
1748705675,8
1748705675,8
1748705676,8
1748705676,8
1748705676,8
1748705676,8
1748705676,8
1748705677,8
1748705677,8
1748705677,8
1748705677,8
1748705677,8
1748705678,8
1748705678,8
1748705678,8
1748705678,8
1748705678,8
1748705679,8
1748705679,8
1748705679,8
1748705679,8
1748705679,8
1748705680,8
1748705680,8
1748705680,8
1748705680,8
1748705680,8
1748705681,8
1748705681,8
1748705681,8
1748705681,8
1748705681,8
1748705682,8
1748705682,8
1748705682,8
1748705682,8
1748705682,8
1748705683,8
1748705683,8
1748705683,8
1748705683,8
1748705683,8
1748705684,8
1748705684,8
1748705684,8
1748705684,8
1748705684,8
1748705685,8
1748705685,8
1748705685,8
1748705685,8
1748705686,8
1748705686,8
1748705686,8
1748705686,8
1748705686,8
1748705687,8
1748705687,8
1748705687,8
1748705687,8
1748705687,8
1748705688,8
1748705688,8
1748705688,8
1748705688,8
1748705688,8
1748705689,8
1748705689,8
1748705689,8
1748705689,8
1748705689,8
1748705690,8
1748705690,8
1748705690,8
1748705690,8
1748705690,8
1748705691,8
1748705691,8
1748705691,8
1748705691,8
1748705691,8
1748705692,8
1748705692,8
1748705692,8
1748705692,8
1748705692,8
1748705693,8
1748705693,8
1748705693,8
1748705693,8
1748705693,8
1748705694,8
1748705694,8
1748705694,8
1748705694,8
1748705694,8
1748705695,8
1748705695,8
1748705695,8
1748705695,8
1748705695,8
1748705696,8
1748705696,8
1748705696,8
1748705696,8
1748705696,8
1748705697,8
1748705697,8
1748705697,8
1748705697,8
1748705697,8
1748705698,8
1748705698,8
1748705698,8
1748705698,8
1748705698,8
1748705699,8
1748705699,8
1748705699,8
1748705699,8
1748705699,8
1748705700,8
1748705700,8
1748705700,8
1748705700,8
1748705700,8
1748705701,8
1748705701,8
1748705701,8
1748705701,8
1748705701,8
1748705702,8
1748705702,8
1748705702,8
1748705702,8
1748705702,8
1748705703,8
1748705703,8
1748705703,8
1748705703,8
1748705703,8
1748705704,8
1748705704,8
1748705704,8
1748705704,8
1748705704,8
1748705705,8
1748705705,8
1748705705,8
1748705705,8
1748705705,8
1748705706,8
1748705706,8
1748705706,8
1748705706,8
1748705706,8
1748705707,8
1748705707,8
1748705707,8
1748705707,8
1748705707,8
1748705708,8
1748705708,8
1748705708,8
1748705708,8
1748705708,8
1748705709,8
1748705709,8
1748705709,8
1748705709,8
1748705710,8
1748705710,8
1748705710,8
1748705710,8
1748705710,8
1748705711,8
1748705711,8
1748705711,8
1748705711,8
1748705711,8
1748705712,8
1748705712,8
1748705712,8
1748705712,8
1748705712,8
1748705713,8
1748705713,8
1748705713,8
1748705713,8
1748705713,8
1748705714,8
1748705714,8
1748705714,8
1748705714,8
1748705714,8
1748705715,8
1748705715,8
1748705715,8
1748705715,8
1748705715,8
1748705716,8
1748705716,8
1748705716,8
1748705716,8
1748705716,8
1748705717,8
1748705717,8
1748705717,8
1748705717,8
1748705717,8
1748705718,8
1748705718,8
1748705718,8
1748705718,8
1748705718,8
1748705719,8
1748705719,8
1748705719,8
1748705719,8
1748705719,8
1748705720,8
1748705720,8
1748705720,8
1748705720,8
1748705720,8
1748705721,8
1748705721,8
1748705721,8
1748705721,8
1748705721,8
1748705722,8
1748705722,8
1748705722,8
1748705722,8
1748705722,8
1748705723,8
1748705723,8
1748705723,8
1748705723,8
1748705723,8
1748705724,8
1748705724,8
1748705724,8
1748705724,8
1748705724,8
1748705725,8
1748705725,8
1748705725,8
1748705725,8
1748705725,8
1748705726,8
1748705726,8
1748705726,8
1748705726,8
1748705726,8
1748705727,8
1748705727,8
1748705727,8
1748705727,8
1748705727,8
1748705728,8
1748705728,8
1748705728,8
1748705728,8
1748705728,8
1748705729,8
1748705729,8
1748705729,8
1748705729,8
1748705729,8
1748705730,8
1748705730,8
1748705730,8
1748705730,8
1748705730,8
1748705731,8
1748705731,8
1748705731,8
1748705731,8
1748705731,8
1748705732,8
1748705732,8
1748705732,9
1748705732,8
1748705733,8
1748705733,8
1748705733,8
1748705733,8
1748705733,8
1748705734,8
1748705734,8
1748705734,8
1748705734,8
1748705734,8
1748705735,8
1748705735,8
1748705735,8
1748705735,8
1748705735,8
1748705736,8
1748705736,8
1748705736,8
1748705736,8
1748705736,8
1748705737,8
1748705737,8
1748705737,8
1748705737,8
1748705737,8
1748705738,8
1748705738,8
1748705738,8
1748705738,8
1748705738,8
1748705739,8
1748705739,8
1748705739,8
1748705739,8
1748705739,8
1748705740,8
1748705740,8
1748705740,8
1748705740,8
1748705740,8
1748705741,8
1748705741,8
1748705741,8
1748705741,8
1748705741,8
1748705742,8
1748705742,8
1748705742,8
1748705742,8
1748705742,8
1748705743,8
1748705743,8
1748705743,8
1748705743,8
1748705743,8
1748705744,8
1748705744,8
1748705744,8
1748705744,8
1748705744,8
1748705745,8
1748705745,8
1748705745,8
1748705745,8
1748705745,8
1748705746,8
1748705746,8
1748705746,8
1748705746,8
1748705746,8
1748705747,8
1748705747,8
1748705747,8
1748705747,8
1748705747,8
1748705748,8
1748705748,8
1748705748,8
1748705748,8
1748705748,8
1748705749,8
1748705749,8
1748705749,8
1748705749,8
1748705749,8
1748705750,8
1748705750,8
1748705750,8
1748705750,8
1748705750,8
1748705751,8
1748705751,8
1748705751,8
1748705751,8
1748705751,8
1748705752,8
1748705752,8
1748705752,8
1748705752,8
1748705752,8
1748705753,8
1748705753,8
1748705753,8
1748705753,8
1748705753,8
1748705754,8
1748705754,8
1748705754,8
1748705754,8
1748705754,8
1748705755,8
1748705755,8
1748705755,8
1748705755,8
1748705755,8
1748705756,8
1748705756,8
1748705756,8
1748705756,8
1748705757,8
1748705757,8
1748705757,8
1748705757,8
1748705757,8
1748705758,8
1748705758,8
1748705758,8
1748705758,8
1748705758,8
1748705759,8
1748705759,8
1748705759,8
1748705759,8
1748705759,8
1748705760,8
1748705760,8
1748705760,8
1748705760,8
1748705760,8
1748705761,8
1748705761,8
1748705761,8
1748705761,8
1748705761,8
1748705762,8
1748705762,8
1748705762,8
1748705762,8
1748705762,8
1748705763,8
1748705763,8
1748705763,8
1748705763,8
1748705763,8
1748705764,8
1748705764,8
1748705764,8
1748705764,8
1748705764,8
1748705765,8
1748705765,8
1748705765,8
1748705765,8
1748705765,8
1748705766,8
1748705766,8
1748705766,8
1748705766,8
1748705766,8
1748705767,8
1748705767,8
1748705767,8
1748705767,8
1748705767,8
1748705768,8
1748705768,8
1748705768,8
1748705768,8
1748705768,8
1748705769,8
1748705769,8
1748705769,8
1748705769,8
1748705769,8
1748705770,8
1748705770,8
1748705770,8
1748705770,8
1748705770,8
1748705771,8
1748705771,8
1748705771,8
1748705771,8
1748705771,8
1748705772,8
1748705772,8
1748705772,8
1748705772,8
1748705772,8
1748705773,8
1748705773,8
1748705773,8
1748705773,8
1748705773,8
1748705774,8
1748705774,8
1748705774,8
1748705774,8
1748705774,8
1748705775,8
1748705775,8
1748705775,8
1748705775,8
1748705775,8
1748705776,8
1748705776,8
1748705776,8
1748705776,8
1748705776,8
1748705777,8
1748705777,8
1748705777,8
1748705777,8
1748705777,8
1748705778,8
1748705778,8
1748705778,8
1748705778,8
1748705778,8
1748705779,8
1748705779,8
1748705779,8
1748705779,8
1748705779,8
1748705780,8
1748705780,8
1748705780,8
1748705780,8
1748705781,8
1748705781,8
1748705781,8
1748705781,8
1748705781,8
1748705782,8
1748705782,8
1748705782,8
1748705782,8
1748705782,8
1748705783,8
1748705783,8
1748705783,8
1748705783,8
1748705783,8
1748705784,8
1748705784,8
1748705784,8
1748705784,8
1748705784,8
1748705785,8
1748705785,8
1748705785,8
1748705785,8
1748705785,8
1748705786,8
1748705786,8
1748705786,8
1748705786,8
1748705786,8
1748705787,8
1748705787,8
1748705787,8
1748705787,8
1748705787,8
1748705788,8
1748705788,8
1748705788,8
1748705788,8
1748705788,8
1748705789,8
1748705789,8
1748705789,8
1748705789,8
1748705789,8
1748705790,8
1748705790,8
1748705790,8
1748705790,8
1748705790,8
1748705791,8
1748705791,8
1748705791,8
1748705791,8
1748705791,8
1748705792,8
1748705792,8
1748705792,8
1748705792,8
1748705792,8
1748705793,8
1748705793,8
1748705793,8
1748705793,8
1748705793,8
1748705794,8
1748705794,8
1748705794,8
1748705794,8
1748705794,8
1748705795,8
1748705795,8
1748705795,8
1748705795,8
1748705795,8
1748705796,8
1748705796,8
1748705796,8
1748705796,8
1748705796,8
1748705797,8
1748705797,8
1748705797,8
1748705797,8
1748705797,8
1748705798,8
1748705798,8
1748705798,8
1748705798,8
1748705798,8
1748705799,8
1748705799,8
1748705799,8
1748705799,8
1748705799,8
1748705800,8
1748705800,8
1748705800,8
1748705800,8
1748705800,8
1748705801,8
1748705801,8
1748705801,8
1748705801,8
1748705801,8
1748705802,8
1748705802,8
1748705802,8
1748705802,8
1748705802,8
1748705803,8
1748705803,8
1748705803,8
1748705803,8
1748705803,8
1748705804,8
1748705804,8
1748705804,8
1748705804,8
1748705805,8
1748705805,8
1748705805,8
1748705805,8
1748705805,8
1748705806,8
1748705806,8
1748705806,8
1748705806,8
1748705806,8
1748705807,8
1748705807,8
1748705807,8
1748705807,8
1748705807,8
1748705808,8
1748705808,8
1748705808,8
1748705808,8
1748705808,8
1748705809,8
1748705809,8
1748705809,8
1748705809,8
1748705809,8
1748705810,8
1748705810,8
1748705810,8
1748705810,8
1748705810,8
1748705811,8
1748705811,8
1748705811,8
1748705811,8
1748705811,8
1748705812,8
1748705812,8
1748705812,8
1748705812,8
1748705812,8
1748705813,8
1748705813,8
1748705813,8
1748705813,8
1748705813,8
1748705814,8
1748705814,8
1748705814,8
1748705814,8
1748705814,8
1748705815,8
1748705815,8
1748705815,8
1748705815,8
1748705815,8
1748705816,8
1748705816,8
1748705816,8
1748705816,8
1748705816,8
1748705817,8
1748705817,8
1748705817,8
1748705817,8
1748705817,8
1748705818,8
1748705818,8
1748705818,8
1748705818,8
1748705818,8
1748705819,8
1748705819,8
1748705819,8
1748705819,8
1748705819,8
1748705820,8
1748705820,8
1748705820,8
1748705820,8
1748705820,8
1748705821,8
1748705821,8
1748705821,8
1748705821,8
1748705821,8
1748705822,8
1748705822,8
1748705822,8
1748705822,8
1748705822,8
1748705823,8
1748705823,8
1748705823,8
1748705823,8
1748705823,8
1748705824,8
1748705824,8
1748705824,8
1748705824,8
1748705824,8
1748705825,8
1748705825,8
1748705825,8
1748705825,8
1748705825,8
1748705826,8
1748705826,8
1748705826,8
1748705826,8
1748705826,8
1748705827,8
1748705827,8
1748705827,8
1748705827,8
1748705827,8
1748705828,8
1748705828,8
1748705828,8
1748705828,8
1748705829,8
1748705829,8
1748705829,8
1748705829,8
1748705829,8
1748705830,8
1748705830,8
1748705830,8
1748705830,8
1748705830,8
1748705831,8
1748705831,8
1748705831,8
1748705831,8
1748705831,8
1748705832,8
1748705832,8
1748705832,8
1748705832,8
1748705832,8
1748705833,8
1748705833,8
1748705833,8
1748705833,8
1748705833,8
1748705834,8
1748705834,8
1748705834,8
1748705834,8
1748705834,8
1748705835,8
1748705835,8
1748705835,8
1748705835,8
1748705835,8
1748705836,8
1748705836,8
1748705836,8
1748705836,8
1748705836,8
1748705837,8
1748705837,8
1748705837,8
1748705837,8
1748705837,8
1748705838,8
1748705838,8
1748705838,8
1748705838,8
1748705838,8
1748705839,8
1748705839,8
1748705839,8
1748705839,8
1748705839,8
1748705840,8
1748705840,8
1748705840,8
1748705840,8
1748705840,8
1748705841,8
1748705841,8
